/*
 Navicat Premium Data Transfer

 Source Server         : Localhost
 Source Server Type    : MySQL
 Source Server Version : 50726
 Source Host           : localhost:3306
 Source Schema         : forum

 Target Server Type    : MySQL
 Target Server Version : 50726
 File Encoding         : 65001

 Date: 07/04/2022 18:59:42
*/

SET NAMES utf8mb4;
SET FOREIGN_KEY_CHECKS = 0;

-- ----------------------------
-- Table structure for forum_article_type
-- ----------------------------
DROP TABLE IF EXISTS `forum_article_type`;
CREATE TABLE `forum_article_type`  (
  `id` bigint(11) NOT NULL AUTO_INCREMENT COMMENT '主键',
  `audit_state` varchar(64) CHARACTER SET utf8mb4 COLLATE utf8mb4_unicode_ci NOT NULL COMMENT '审核状态',
  `name` varchar(64) CHARACTER SET utf8mb4 COLLATE utf8mb4_unicode_ci NOT NULL COMMENT '名称',
  `description` varchar(1024) CHARACTER SET utf8mb4 COLLATE utf8mb4_unicode_ci NOT NULL COMMENT '描述',
  `ref_count` bigint(11) NOT NULL DEFAULT 0 COMMENT '引用统计',
  `scope` varchar(32) CHARACTER SET utf8mb4 COLLATE utf8mb4_unicode_ci NOT NULL COMMENT '作用域',
  `creator_id` bigint(11) NOT NULL COMMENT '创建人',
  `is_delete` tinyint(2) UNSIGNED NOT NULL DEFAULT 0 COMMENT '删除标识（0:未删除、1:已删除）',
  `create_at` datetime NOT NULL COMMENT '记录创建时间',
  `update_at` timestamp NOT NULL DEFAULT CURRENT_TIMESTAMP ON UPDATE CURRENT_TIMESTAMP COMMENT '记录修改时间',
  PRIMARY KEY (`id`) USING BTREE,
  UNIQUE INDEX `uniq_name_state`(`name`, `audit_state`) USING BTREE
) ENGINE = InnoDB AUTO_INCREMENT = 22 CHARACTER SET = utf8mb4 COLLATE = utf8mb4_unicode_ci COMMENT = '文章类别表' ROW_FORMAT = DYNAMIC;

-- ----------------------------
-- Records of forum_article_type
-- ----------------------------
INSERT INTO `forum_article_type` VALUES (3, 'PASS', '前端', '前端', 25, 'USER', 16, 0, '2022-02-28 18:53:41', '2022-04-05 10:14:17');
INSERT INTO `forum_article_type` VALUES (4, 'PASS', '后端', '后端', 69, 'USER', 16, 0, '2022-02-28 18:53:41', '2022-04-03 20:03:26');
INSERT INTO `forum_article_type` VALUES (5, 'PASS', '小程序', '小程序', 0, 'USER', 16, 0, '2022-02-28 18:53:41', '2022-03-02 11:04:19');
INSERT INTO `forum_article_type` VALUES (6, 'PASS', '公众号', '公众号', 0, 'USER', 16, 0, '2022-02-28 18:53:41', '2022-04-06 11:23:54');
INSERT INTO `forum_article_type` VALUES (7, 'PASS', 'iOS', 'iOS类别', 0, 'USER', 16, 0, '2022-02-28 18:53:41', '2022-04-05 10:24:14');
INSERT INTO `forum_article_type` VALUES (8, 'PASS', 'Android', 'Android类别', 1, 'USER', 16, 0, '2022-02-28 18:53:41', '2022-03-02 11:04:19');
INSERT INTO `forum_article_type` VALUES (9, 'PASS', 'AI', 'AI 类别', 0, 'USER', 16, 0, '2022-02-28 18:53:41', '2022-03-02 11:04:19');
INSERT INTO `forum_article_type` VALUES (10, 'PASS', '云计算', '云计算 类别', 0, 'USER', 16, 0, '2022-02-28 18:53:41', '2022-03-02 11:04:19');
INSERT INTO `forum_article_type` VALUES (11, 'PASS', '游戏', '游戏 类别', 0, 'USER', 16, 0, '2022-02-28 18:53:41', '2022-03-02 11:04:19');
INSERT INTO `forum_article_type` VALUES (12, 'PASS', '安全', '安全 类别', 0, 'USER', 16, 0, '2022-02-28 18:53:41', '2022-03-02 11:04:19');
INSERT INTO `forum_article_type` VALUES (19, 'PASS', '其他', '其他 类别', 2, 'USER', 16, 0, '2022-02-28 18:53:41', '2022-03-27 15:54:54');
INSERT INTO `forum_article_type` VALUES (20, 'PASS', '算法', '算法', 2, 'USER', 2, 0, '2022-02-28 18:53:41', '2022-03-21 16:16:45');
INSERT INTO `forum_article_type` VALUES (21, 'REJECT', '测试', '测试', 0, 'OFFICIAL', 2, 0, '2022-04-04 17:44:24', '2022-04-04 17:46:00');

-- ----------------------------
-- Table structure for forum_cache
-- ----------------------------
DROP TABLE IF EXISTS `forum_cache`;
CREATE TABLE `forum_cache`  (
  `id` bigint(11) NOT NULL AUTO_INCREMENT COMMENT '主键',
  `key` varchar(100) CHARACTER SET utf8mb4 COLLATE utf8mb4_unicode_ci NOT NULL COMMENT '缓存键',
  `value` longtext CHARACTER SET utf8mb4 COLLATE utf8mb4_unicode_ci NOT NULL COMMENT '缓存值',
  `type` varchar(64) CHARACTER SET utf8mb4 COLLATE utf8mb4_unicode_ci NOT NULL COMMENT '业务类型',
  `is_delete` tinyint(2) UNSIGNED NOT NULL DEFAULT 0 COMMENT '删除标识（0:未删除、1:已删除）',
  `create_at` datetime NOT NULL COMMENT '记录创建时间',
  `update_at` timestamp NOT NULL DEFAULT CURRENT_TIMESTAMP ON UPDATE CURRENT_TIMESTAMP COMMENT '记录修改时间',
  PRIMARY KEY (`id`) USING BTREE,
  UNIQUE INDEX `uniq_key`(`key`) USING BTREE
) ENGINE = InnoDB AUTO_INCREMENT = 194 CHARACTER SET = utf8mb4 COLLATE = utf8mb4_unicode_ci COMMENT = '缓存表' ROW_FORMAT = DYNAMIC;

-- ----------------------------
-- Records of forum_cache
-- ----------------------------
INSERT INTO `forum_cache` VALUES (191, 'USER_LOGIN_TOKEN:090314db2a2f454faa38b0d71463d494', '{\"expire\":1649827631275,\"type\":\"USER_LOGIN_TOKEN\",\"value\":\"{\\\"avatar\\\":\\\"https://s3.bmp.ovh/imgs/2022/02/fbeec62de9597791.jpg\\\",\\\"createAt\\\":1633046401000,\\\"email\\\":\\\"1@qq.com\\\",\\\"id\\\":1,\\\"lastLoginTime\\\":1649222831270,\\\"nickname\\\":\\\"技术交流社区管理员\\\",\\\"password\\\":\\\"bfc722a5fcee2d48e4c5a0d39fc3f991\\\",\\\"role\\\":\\\"SUPER_ADMIN\\\",\\\"sex\\\":\\\"UNKNOWN\\\",\\\"signature\\\":\\\"我是社区超级管理员\\\",\\\"source\\\":\\\"REGISTER\\\",\\\"state\\\":\\\"ENABLE\\\",\\\"updateAt\\\":1649221417000}\"}', 'USER_LOGIN_TOKEN', 0, '2022-04-06 13:27:15', '2022-04-06 13:27:15');
INSERT INTO `forum_cache` VALUES (192, 'USER_LOGIN_TOKEN:1', '{\"expire\":1649827631275,\"type\":\"USER_LOGIN_TOKEN\",\"value\":\"090314db2a2f454faa38b0d71463d494\"}', 'USER_LOGIN_TOKEN', 0, '2022-04-06 13:27:15', '2022-04-06 13:27:15');

-- ----------------------------
-- Table structure for forum_comment
-- ----------------------------
DROP TABLE IF EXISTS `forum_comment`;
CREATE TABLE `forum_comment`  (
  `id` int(11) NOT NULL AUTO_INCREMENT COMMENT '主键',
  `user_id` bigint(11) NOT NULL COMMENT '评论人ID',
  `reply_id` bigint(11) NULL DEFAULT NULL COMMENT '被评论ID',
  `reply_reply_id` bigint(11) NULL DEFAULT NULL COMMENT '二次被评论ID',
  `posts_id` bigint(11) NOT NULL COMMENT '帖子ID',
  `content` longtext CHARACTER SET utf8mb4 COLLATE utf8mb4_unicode_ci NOT NULL COMMENT '内容',
  `is_delete` tinyint(1) UNSIGNED NOT NULL DEFAULT 0 COMMENT '删除标识（0:未删除、1:已删除）',
  `create_at` datetime NOT NULL COMMENT '记录创建时间',
  `update_at` timestamp NOT NULL DEFAULT CURRENT_TIMESTAMP ON UPDATE CURRENT_TIMESTAMP COMMENT '记录修改时间',
  PRIMARY KEY (`id`) USING BTREE,
  INDEX `idx_uid_pid`(`user_id`, `posts_id`) USING BTREE,
  INDEX `idx_postsid`(`posts_id`) USING BTREE
) ENGINE = InnoDB AUTO_INCREMENT = 16 CHARACTER SET = utf8mb4 COLLATE = utf8mb4_unicode_ci COMMENT = '帖子评论表' ROW_FORMAT = DYNAMIC;

-- ----------------------------
-- Records of forum_comment
-- ----------------------------
INSERT INTO `forum_comment` VALUES (1, 6, NULL, NULL, 3, '测试', 0, '2022-02-24 02:28:33', '2022-02-24 10:28:33');
INSERT INTO `forum_comment` VALUES (2, 6, 1, NULL, 3, '测试', 0, '2022-02-24 02:28:37', '2022-02-24 10:28:36');
INSERT INTO `forum_comment` VALUES (3, 6, NULL, NULL, 3, '车窗处', 0, '2022-02-24 02:28:43', '2022-02-24 10:28:43');
INSERT INTO `forum_comment` VALUES (4, 2, NULL, NULL, 4, '21313', 0, '2022-02-24 02:35:31', '2022-02-24 10:35:30');
INSERT INTO `forum_comment` VALUES (5, 2, NULL, NULL, 5, '？？', 0, '2022-02-25 09:20:18', '2022-02-25 09:20:17');
INSERT INTO `forum_comment` VALUES (6, 2, 5, NULL, 5, '？？？？', 0, '2022-02-25 09:20:39', '2022-02-25 09:20:39');
INSERT INTO `forum_comment` VALUES (7, 6, NULL, NULL, 5, '试试', 0, '2022-02-25 09:21:37', '2022-02-25 09:21:36');
INSERT INTO `forum_comment` VALUES (8, 2, NULL, NULL, 4, '问问百度', 0, '2022-03-21 15:40:58', '2022-03-21 15:40:57');
INSERT INTO `forum_comment` VALUES (9, 2, NULL, NULL, 9, '1231231', 0, '2022-03-27 17:08:22', '2022-03-27 17:08:21');
INSERT INTO `forum_comment` VALUES (10, 1, 9, NULL, 9, '123', 0, '2022-03-27 17:08:35', '2022-03-27 17:08:34');
INSERT INTO `forum_comment` VALUES (15, 2, NULL, NULL, 9, 'svfs', 0, '2022-04-03 23:14:33', '2022-04-03 23:14:33');

-- ----------------------------
-- Table structure for forum_config
-- ----------------------------
DROP TABLE IF EXISTS `forum_config`;
CREATE TABLE `forum_config`  (
  `id` bigint(11) NOT NULL AUTO_INCREMENT COMMENT '主键',
  `state` varchar(64) CHARACTER SET utf8mb4 COLLATE utf8mb4_unicode_ci NOT NULL COMMENT '状态',
  `type` varchar(64) CHARACTER SET utf8mb4 COLLATE utf8mb4_unicode_ci NOT NULL COMMENT '类型',
  `name` varchar(1024) CHARACTER SET utf8mb4 COLLATE utf8mb4_unicode_ci NOT NULL COMMENT '名称',
  `content` longtext CHARACTER SET utf8mb4 COLLATE utf8mb4_unicode_ci NOT NULL COMMENT '内容',
  `start_at` datetime NOT NULL COMMENT '开始时间',
  `end_at` datetime NOT NULL COMMENT '结束时间',
  `creator` bigint(11) NOT NULL COMMENT '创建人ID',
  `is_delete` tinyint(2) UNSIGNED NOT NULL DEFAULT 0 COMMENT '删除标识（0:未删除、1:已删除）',
  `create_at` datetime NOT NULL COMMENT '记录创建时间',
  `update_at` timestamp NOT NULL DEFAULT CURRENT_TIMESTAMP ON UPDATE CURRENT_TIMESTAMP COMMENT '记录修改时间',
  PRIMARY KEY (`id`) USING BTREE
) ENGINE = InnoDB AUTO_INCREMENT = 1 CHARACTER SET = utf8mb4 COLLATE = utf8mb4_unicode_ci COMMENT = '配置表' ROW_FORMAT = DYNAMIC;

-- ----------------------------
-- Records of forum_config
-- ----------------------------

-- ----------------------------
-- Table structure for forum_message
-- ----------------------------
DROP TABLE IF EXISTS `forum_message`;
CREATE TABLE `forum_message`  (
  `id` bigint(11) NOT NULL AUTO_INCREMENT COMMENT '主键',
  `channel` varchar(64) CHARACTER SET utf8mb4 COLLATE utf8mb4_unicode_ci NOT NULL COMMENT '发送渠道',
  `type` varchar(64) CHARACTER SET utf8mb4 COLLATE utf8mb4_unicode_ci NOT NULL COMMENT '消息类型',
  `read` varchar(64) CHARACTER SET utf8mb4 COLLATE utf8mb4_unicode_ci NOT NULL COMMENT '是否已读',
  `sender_type` varchar(64) CHARACTER SET utf8mb4 COLLATE utf8mb4_unicode_ci NOT NULL COMMENT '发送人类型',
  `sender` varchar(64) CHARACTER SET utf8mb4 COLLATE utf8mb4_unicode_ci NOT NULL COMMENT '发送人',
  `receiver_type` varchar(64) CHARACTER SET utf8mb4 COLLATE utf8mb4_unicode_ci NOT NULL COMMENT '接收人类型',
  `receiver` varchar(64) CHARACTER SET utf8mb4 COLLATE utf8mb4_unicode_ci NOT NULL COMMENT '接收人',
  `title` varchar(256) CHARACTER SET utf8mb4 COLLATE utf8mb4_unicode_ci NOT NULL COMMENT '标题',
  `content_type` varchar(64) CHARACTER SET utf8mb4 COLLATE utf8mb4_unicode_ci NOT NULL COMMENT '发送内容类型',
  `content` longtext CHARACTER SET utf8mb4 COLLATE utf8mb4_unicode_ci NOT NULL COMMENT '发送内容',
  `is_delete` tinyint(2) UNSIGNED NOT NULL DEFAULT 0 COMMENT '删除标识（0:未删除、1:已删除）',
  `create_at` datetime NOT NULL COMMENT '记录创建时间',
  `update_at` timestamp NOT NULL DEFAULT CURRENT_TIMESTAMP ON UPDATE CURRENT_TIMESTAMP COMMENT '记录修改时间',
  PRIMARY KEY (`id`) USING BTREE,
  INDEX `idx_sender`(`sender`) USING BTREE,
  INDEX `idx_receiver_type`(`receiver`, `type`) USING BTREE
) ENGINE = InnoDB AUTO_INCREMENT = 20 CHARACTER SET = utf8mb4 COLLATE = utf8mb4_unicode_ci COMMENT = '消息表' ROW_FORMAT = DYNAMIC;

-- ----------------------------
-- Records of forum_message
-- ----------------------------
INSERT INTO `forum_message` VALUES (1, 'STATION_LETTER', 'APPROVAL_ARTICLE', 'YES', 'USER_ID', '6', 'USER_ID', '2', '3', 'TEXT', '', 0, '2022-02-24 02:26:57', '2022-02-24 10:36:42');
INSERT INTO `forum_message` VALUES (2, 'STATION_LETTER', 'FOLLOW_USER', 'YES', 'USER_ID', '6', 'USER_ID', '2', '', 'TEXT', '', 0, '2022-02-24 02:27:47', '2022-02-24 10:36:24');
INSERT INTO `forum_message` VALUES (3, 'STATION_LETTER', 'COMMENT_ARTICLE', 'YES', 'USER_ID', '6', 'USER_ID', '2', '3', 'TEXT', '', 0, '2022-02-24 02:28:33', '2022-02-24 10:36:28');
INSERT INTO `forum_message` VALUES (4, 'STATION_LETTER', 'COMMENT_ARTICLE', 'YES', 'USER_ID', '6', 'USER_ID', '2', '3', 'TEXT', '', 0, '2022-02-24 02:28:37', '2022-02-24 10:36:27');
INSERT INTO `forum_message` VALUES (5, 'STATION_LETTER', 'COMMENT_ARTICLE', 'YES', 'USER_ID', '6', 'USER_ID', '2', '3', 'TEXT', '', 0, '2022-02-24 02:28:43', '2022-02-24 10:36:26');
INSERT INTO `forum_message` VALUES (6, 'STATION_LETTER', 'COMMENT_FAQ', 'YES', 'USER_ID', '6', 'USER_ID', '2', '5', 'TEXT', '', 0, '2022-02-25 09:21:37', '2022-03-02 11:16:38');
INSERT INTO `forum_message` VALUES (7, 'STATION_LETTER', 'APPROVAL_FAQ', 'YES', 'USER_ID', '6', 'USER_ID', '2', '5', 'TEXT', '', 0, '2022-02-25 09:21:42', '2022-02-26 10:30:26');
INSERT INTO `forum_message` VALUES (8, 'STATION_LETTER', 'FOLLOW_USER', 'NO', 'USER_ID', '4', 'USER_ID', '2', '', 'TEXT', '', 0, '2022-03-02 11:17:11', '2022-03-02 11:17:11');
INSERT INTO `forum_message` VALUES (9, 'STATION_LETTER', 'FOLLOW_USER', 'NO', 'USER_ID', '2', 'USER_ID', '1', '', 'TEXT', '', 0, '2022-03-02 12:47:08', '2022-03-02 12:47:08');
INSERT INTO `forum_message` VALUES (10, 'STATION_LETTER', 'FOLLOW_USER', 'NO', 'USER_ID', '2', 'USER_ID', '4', '', 'TEXT', '', 0, '2022-03-21 15:48:21', '2022-03-21 15:48:21');
INSERT INTO `forum_message` VALUES (11, 'STATION_LETTER', 'FOLLOW_USER', 'NO', 'USER_ID', '2', 'USER_ID', '1', '', 'TEXT', '', 0, '2022-03-21 15:48:27', '2022-03-21 15:48:27');
INSERT INTO `forum_message` VALUES (12, 'STATION_LETTER', 'FOLLOW_USER', 'NO', 'USER_ID', '7', 'USER_ID', '2', '', 'TEXT', '', 0, '2022-03-27 15:54:39', '2022-03-27 15:54:39');
INSERT INTO `forum_message` VALUES (13, 'STATION_LETTER', 'COMMENT_ARTICLE', 'NO', 'USER_ID', '1', 'USER_ID', '2', '9', 'TEXT', '', 0, '2022-03-27 17:08:35', '2022-03-27 17:08:35');
INSERT INTO `forum_message` VALUES (14, 'STATION_LETTER', 'COMMENT_ARTICLE', 'NO', 'USER_ID', '1', 'USER_ID', '2', '9', 'TEXT', '', 0, '2022-03-27 17:08:35', '2022-03-27 17:08:35');
INSERT INTO `forum_message` VALUES (15, 'STATION_LETTER', 'FOLLOW_USER', 'YES', 'USER_ID', '1', 'USER_ID', '2', '', 'TEXT', '', 0, '2022-04-01 21:06:00', '2022-04-01 21:27:47');
INSERT INTO `forum_message` VALUES (16, 'STATION_LETTER', 'COMMENT_ARTICLE', 'NO', 'USER_ID', '1', 'USER_ID', '2', '9', 'TEXT', '', 0, '2022-04-01 21:06:40', '2022-04-01 21:06:40');
INSERT INTO `forum_message` VALUES (17, 'STATION_LETTER', 'COMMENT_ARTICLE', 'NO', 'USER_ID', '1', 'USER_ID', '2', '9', 'TEXT', '', 0, '2022-04-01 21:06:40', '2022-04-01 21:06:40');
INSERT INTO `forum_message` VALUES (18, 'STATION_LETTER', 'COMMENT_ARTICLE', 'NO', 'USER_ID', '2', 'USER_ID', '1', '9', 'TEXT', '', 0, '2022-04-03 21:48:54', '2022-04-03 21:48:54');
INSERT INTO `forum_message` VALUES (19, 'STATION_LETTER', 'COMMENT_ARTICLE', 'NO', 'USER_ID', '2', 'USER_ID', '1', '9', 'TEXT', '', 0, '2022-04-03 21:53:20', '2022-04-03 21:53:20');

-- ----------------------------
-- Table structure for forum_opt_log
-- ----------------------------
DROP TABLE IF EXISTS `forum_opt_log`;
CREATE TABLE `forum_opt_log`  (
  `id` bigint(11) NOT NULL AUTO_INCREMENT COMMENT '主键',
  `type` varchar(64) CHARACTER SET utf8mb4 COLLATE utf8mb4_unicode_ci NOT NULL COMMENT '操作类型',
  `operator_id` bigint(11) NOT NULL COMMENT '操作人ID',
  `content` longtext CHARACTER SET utf8mb4 COLLATE utf8mb4_unicode_ci NOT NULL COMMENT '操作内容',
  `is_delete` tinyint(2) UNSIGNED NOT NULL DEFAULT 0 COMMENT '删除标识（0:未删除、1:已删除）',
  `create_at` datetime NOT NULL COMMENT '记录创建时间',
  `update_at` timestamp NOT NULL DEFAULT CURRENT_TIMESTAMP ON UPDATE CURRENT_TIMESTAMP COMMENT '记录修改时间',
  PRIMARY KEY (`id`) USING BTREE,
  INDEX `idx_operator_id`(`operator_id`) USING BTREE
) ENGINE = InnoDB AUTO_INCREMENT = 101 CHARACTER SET = utf8mb4 COLLATE = utf8mb4_unicode_ci COMMENT = '操作日志表' ROW_FORMAT = DYNAMIC;

-- ----------------------------
-- Records of forum_opt_log
-- ----------------------------
INSERT INTO `forum_opt_log` VALUES (1, 'USER_LOGIN', 1, '{\"email\":\"admin@developers.pub\",\"ip\":\"0:0:0:0:0:0:0:1\",\"password\":\"a66abb5684c45962d887564f08346e8d\",\"ua\":\"Mozilla/5.0 (Windows NT 10.0; Win64; x64) AppleWebKit/537.36 (KHTML, like Gecko) Chrome/98.0.4758.82 Safari/537.36\"}', 0, '2022-02-15 08:27:13', '2022-02-15 08:27:13');
INSERT INTO `forum_opt_log` VALUES (2, 'USER_LOGOUT', 1, '{\"ip\":\"0:0:0:0:0:0:0:1\",\"token\":\"15ef4cd040944542a779a028336c294b\",\"ua\":\"Mozilla/5.0 (Windows NT 10.0; Win64; x64) AppleWebKit/537.36 (KHTML, like Gecko) Chrome/98.0.4758.82 Safari/537.36\"}', 0, '2022-02-15 08:37:13', '2022-02-15 08:37:13');
INSERT INTO `forum_opt_log` VALUES (3, 'USER_LOGIN', 2, '{\"email\":\"superadmin@developers.pub\",\"ip\":\"0:0:0:0:0:0:0:1\",\"password\":\"a66abb5684c45962d887564f08346e8d\",\"ua\":\"Mozilla/5.0 (Windows NT 10.0; Win64; x64) AppleWebKit/537.36 (KHTML, like Gecko) Chrome/98.0.4758.82 Safari/537.36\"}', 0, '2022-02-15 08:38:23', '2022-02-15 08:38:23');
INSERT INTO `forum_opt_log` VALUES (4, 'USER_LOGOUT', 2, '{\"ip\":\"0:0:0:0:0:0:0:1\",\"token\":\"c41616a7a9aa43ff866cfecae169332c\",\"ua\":\"Mozilla/5.0 (Windows NT 10.0; Win64; x64) AppleWebKit/537.36 (KHTML, like Gecko) Chrome/98.0.4758.82 Safari/537.36\"}', 0, '2022-02-15 09:13:39', '2022-02-15 09:13:39');
INSERT INTO `forum_opt_log` VALUES (5, 'USER_LOGIN', 1, '{\"email\":\"admin@developers.pub\",\"ip\":\"0:0:0:0:0:0:0:1\",\"password\":\"a66abb5684c45962d887564f08346e8d\",\"ua\":\"Mozilla/5.0 (Windows NT 10.0; Win64; x64) AppleWebKit/537.36 (KHTML, like Gecko) Chrome/98.0.4758.82 Safari/537.36\"}', 0, '2022-02-15 09:13:48', '2022-02-15 09:13:48');
INSERT INTO `forum_opt_log` VALUES (6, 'USER_LOGOUT', 1, '{\"ip\":\"0:0:0:0:0:0:0:1\",\"token\":\"ee828a1a3a754658b3478ff94dd7e008\",\"ua\":\"Mozilla/5.0 (Windows NT 10.0; Win64; x64) AppleWebKit/537.36 (KHTML, like Gecko) Chrome/98.0.4758.82 Safari/537.36\"}', 0, '2022-02-15 09:23:29', '2022-02-15 09:23:29');
INSERT INTO `forum_opt_log` VALUES (7, 'USER_LOGIN', 1, '{\"email\":\"admin@qq.com\",\"ip\":\"0:0:0:0:0:0:0:1\",\"password\":\"202cb962ac59075b964b07152d234b70\",\"ua\":\"Mozilla/5.0 (Windows NT 10.0; Win64; x64) AppleWebKit/537.36 (KHTML, like Gecko) Chrome/98.0.4758.82 Safari/537.36\"}', 0, '2022-02-15 09:23:42', '2022-02-15 09:23:42');
INSERT INTO `forum_opt_log` VALUES (8, 'USER_LOGOUT', 1, '{\"ip\":\"0:0:0:0:0:0:0:1\",\"token\":\"2fb52233b2954dfe849e3ba2ba273e49\",\"ua\":\"Mozilla/5.0 (Windows NT 10.0; Win64; x64) AppleWebKit/537.36 (KHTML, like Gecko) Chrome/98.0.4758.82 Safari/537.36\"}', 0, '2022-02-15 09:40:36', '2022-02-15 09:40:36');
INSERT INTO `forum_opt_log` VALUES (9, 'USER_LOGIN', 2, '{\"email\":\"1@qq.com\",\"ip\":\"0:0:0:0:0:0:0:1\",\"password\":\"202cb962ac59075b964b07152d234b70\",\"ua\":\"Mozilla/5.0 (Windows NT 10.0; Win64; x64) AppleWebKit/537.36 (KHTML, like Gecko) Chrome/98.0.4758.82 Safari/537.36\"}', 0, '2022-02-15 09:40:50', '2022-02-15 09:40:50');
INSERT INTO `forum_opt_log` VALUES (10, 'USER_LOGOUT', 2, '{\"ip\":\"0:0:0:0:0:0:0:1\",\"token\":\"794ca881f41f49aeb0a384527a6ca930\",\"ua\":\"Mozilla/5.0 (Windows NT 10.0; Win64; x64) AppleWebKit/537.36 (KHTML, like Gecko) Chrome/98.0.4758.82 Safari/537.36\"}', 0, '2022-02-15 09:53:23', '2022-02-15 09:53:23');
INSERT INTO `forum_opt_log` VALUES (11, 'USER_LOGIN', 1, '{\"email\":\"admin@qq.com\",\"ip\":\"0:0:0:0:0:0:0:1\",\"password\":\"202cb962ac59075b964b07152d234b70\",\"ua\":\"Mozilla/5.0 (Windows NT 10.0; Win64; x64) AppleWebKit/537.36 (KHTML, like Gecko) Chrome/98.0.4758.82 Safari/537.36\"}', 0, '2022-02-15 09:57:31', '2022-02-15 09:57:31');
INSERT INTO `forum_opt_log` VALUES (12, 'USER_LOGOUT', 1, '{\"ip\":\"0:0:0:0:0:0:0:1\",\"token\":\"a3a7c3fd1b424400a1c6c1fc75b6b894\",\"ua\":\"Mozilla/5.0 (Windows NT 10.0; Win64; x64) AppleWebKit/537.36 (KHTML, like Gecko) Chrome/98.0.4758.82 Safari/537.36\"}', 0, '2022-02-15 10:06:24', '2022-02-15 10:06:24');
INSERT INTO `forum_opt_log` VALUES (13, 'USER_LOGIN', 1, '{\"email\":\"admin@qq.com\",\"ip\":\"0:0:0:0:0:0:0:1\",\"password\":\"202cb962ac59075b964b07152d234b70\",\"ua\":\"Mozilla/5.0 (Windows NT 10.0; Win64; x64) AppleWebKit/537.36 (KHTML, like Gecko) Chrome/98.0.4758.82 Safari/537.36\"}', 0, '2022-02-15 10:06:35', '2022-02-15 10:06:35');
INSERT INTO `forum_opt_log` VALUES (14, 'USER_REGISTER', 3, '{\"avatar\":\"https://sdn.geekzu.org/avatar/c9c1c26d8fe74b7405ad73531bd48714?d=retro\",\"email\":\"2022433741@qq.com\",\"id\":3,\"lastLoginTime\":1645601385338,\"nickname\":\"test\",\"password\":\"3183aa2260f4ec7f4f734811c1c72b23\",\"role\":\"USER\",\"sex\":\"UNKNOWN\",\"signature\":\"\",\"source\":\"REGISTER\",\"state\":\"UN_ACTIVATION\"}', 0, '2022-02-23 07:29:45', '2022-02-23 07:29:45');
INSERT INTO `forum_opt_log` VALUES (15, 'USER_LOGIN', 3, '{\"email\":\"2022433741@qq.com\",\"ip\":\"0:0:0:0:0:0:0:1\",\"nickname\":\"test\",\"password\":\"46f94c8de14fb36680850768ff1b7f2a\",\"ua\":\"Mozilla/5.0 (Windows NT 10.0; Win64; x64) AppleWebKit/537.36 (KHTML, like Gecko) Chrome/98.0.4758.102 Safari/537.36\"}', 0, '2022-02-23 07:29:45', '2022-02-23 07:29:45');
INSERT INTO `forum_opt_log` VALUES (16, 'USER_LOGOUT', 3, '{\"ip\":\"0:0:0:0:0:0:0:1\",\"token\":\"759723c93a364cc68d4704dd47988224\",\"ua\":\"Mozilla/5.0 (Windows NT 10.0; Win64; x64) AppleWebKit/537.36 (KHTML, like Gecko) Chrome/98.0.4758.102 Safari/537.36\"}', 0, '2022-02-23 07:37:18', '2022-02-23 07:37:18');
INSERT INTO `forum_opt_log` VALUES (17, 'USER_LOGIN', 4, '{\"email\":\"2022433742@qq.com\",\"ip\":\"0:0:0:0:0:0:0:1\",\"nickname\":\"test\",\"password\":\"4297f44b13955235245b2497399d7a93\",\"ua\":\"Mozilla/5.0 (Windows NT 10.0; Win64; x64) AppleWebKit/537.36 (KHTML, like Gecko) Chrome/98.0.4758.102 Safari/537.36\"}', 0, '2022-02-23 07:39:50', '2022-02-23 07:39:50');
INSERT INTO `forum_opt_log` VALUES (18, 'USER_REGISTER', 4, '{\"avatar\":\"https://sdn.geekzu.org/avatar/adc6b97a25256a73205958e4a86d6798?d=retro\",\"email\":\"2022433742@qq.com\",\"id\":4,\"lastLoginTime\":1645601989906,\"nickname\":\"test\",\"password\":\"2973ddb05f1fa0a82caf24d101a81dad\",\"role\":\"USER\",\"sex\":\"UNKNOWN\",\"signature\":\"\",\"source\":\"REGISTER\",\"state\":\"UN_ACTIVATION\"}', 0, '2022-02-23 07:39:50', '2022-02-23 07:39:50');
INSERT INTO `forum_opt_log` VALUES (19, 'USER_LOGOUT', 4, '{\"ip\":\"0:0:0:0:0:0:0:1\",\"token\":\"617dbc2ad48747d0a2bf5b3845771393\",\"ua\":\"Mozilla/5.0 (Windows NT 10.0; Win64; x64) AppleWebKit/537.36 (KHTML, like Gecko) Chrome/98.0.4758.102 Safari/537.36\"}', 0, '2022-02-23 07:40:00', '2022-02-23 07:40:00');
INSERT INTO `forum_opt_log` VALUES (20, 'USER_LOGIN', 5, '{\"email\":\"2022433743@qq.com\",\"ip\":\"0:0:0:0:0:0:0:1\",\"nickname\":\"123123\",\"password\":\"4297f44b13955235245b2497399d7a93\",\"ua\":\"Mozilla/5.0 (Windows NT 10.0; Win64; x64) AppleWebKit/537.36 (KHTML, like Gecko) Chrome/98.0.4758.102 Safari/537.36\"}', 0, '2022-02-23 07:41:43', '2022-02-23 07:41:43');
INSERT INTO `forum_opt_log` VALUES (21, 'USER_REGISTER', 5, '{\"avatar\":\"https://sdn.geekzu.org/avatar/593b2d357c2cf3dcf67a145f0760b2c5?d=retro\",\"email\":\"2022433743@qq.com\",\"id\":5,\"lastLoginTime\":1645602102666,\"nickname\":\"123123\",\"password\":\"2973ddb05f1fa0a82caf24d101a81dad\",\"role\":\"USER\",\"sex\":\"UNKNOWN\",\"signature\":\"\",\"source\":\"REGISTER\",\"state\":\"UN_ACTIVATION\"}', 0, '2022-02-23 07:41:43', '2022-02-23 07:41:43');
INSERT INTO `forum_opt_log` VALUES (22, 'USER_LOGOUT', 5, '{\"ip\":\"0:0:0:0:0:0:0:1\",\"token\":\"ec7257a22ae9492482cbcd999f7e226a\",\"ua\":\"Mozilla/5.0 (Windows NT 10.0; Win64; x64) AppleWebKit/537.36 (KHTML, like Gecko) Chrome/98.0.4758.102 Safari/537.36\"}', 0, '2022-02-23 07:41:48', '2022-02-23 07:41:48');
INSERT INTO `forum_opt_log` VALUES (23, 'USER_LOGIN', 2, '{\"email\":\"1@qq.com\",\"ip\":\"0:0:0:0:0:0:0:1\",\"password\":\"202cb962ac59075b964b07152d234b70\",\"ua\":\"Mozilla/5.0 (Windows NT 10.0; Win64; x64) AppleWebKit/537.36 (KHTML, like Gecko) Chrome/98.0.4758.102 Safari/537.36\"}', 0, '2022-02-23 07:56:15', '2022-02-23 07:56:15');
INSERT INTO `forum_opt_log` VALUES (24, 'USER_LOGOUT', 2, '{\"ip\":\"0:0:0:0:0:0:0:1\",\"token\":\"35d09a879ecc4393b8c0586a6e354275\",\"ua\":\"Mozilla/5.0 (Windows NT 10.0; Win64; x64) AppleWebKit/537.36 (KHTML, like Gecko) Chrome/98.0.4758.102 Safari/537.36\"}', 0, '2022-02-23 08:26:50', '2022-02-23 08:26:50');
INSERT INTO `forum_opt_log` VALUES (25, 'USER_LOGIN', 2, '{\"email\":\"1@qq.com\",\"ip\":\"0:0:0:0:0:0:0:1\",\"password\":\"202cb962ac59075b964b07152d234b70\",\"ua\":\"Mozilla/5.0 (Windows NT 10.0; Win64; x64) AppleWebKit/537.36 (KHTML, like Gecko) Chrome/98.0.4758.102 Safari/537.36\"}', 0, '2022-02-23 08:44:32', '2022-02-23 08:44:32');
INSERT INTO `forum_opt_log` VALUES (26, 'USER_LOGOUT', 2, '{\"ip\":\"0:0:0:0:0:0:0:1\",\"token\":\"8c96d7807af94e3d89e0eba9380726ae\",\"ua\":\"Mozilla/5.0 (Windows NT 10.0; Win64; x64) AppleWebKit/537.36 (KHTML, like Gecko) Chrome/98.0.4758.102 Safari/537.36\"}', 0, '2022-02-23 08:44:36', '2022-02-23 08:44:36');
INSERT INTO `forum_opt_log` VALUES (27, 'USER_REGISTER', 6, '{\"avatar\":\"https://sdn.geekzu.org/avatar/e94656cb82a8f7228e13e1d9d56fb101?d=retro\",\"email\":\"11@qq.com\",\"id\":6,\"lastLoginTime\":1645605896527,\"nickname\":\"11\",\"password\":\"7fffe5a608140e7e15d96c4c2c16404c\",\"role\":\"USER\",\"sex\":\"UNKNOWN\",\"signature\":\"\",\"source\":\"REGISTER\",\"state\":\"UN_ACTIVATION\"}', 0, '2022-02-23 08:44:57', '2022-02-23 08:44:57');
INSERT INTO `forum_opt_log` VALUES (28, 'USER_LOGIN', 6, '{\"email\":\"11@qq.com\",\"ip\":\"0:0:0:0:0:0:0:1\",\"nickname\":\"11\",\"password\":\"6512bd43d9caa6e02c990b0a82652dca\",\"ua\":\"Mozilla/5.0 (Windows NT 10.0; Win64; x64) AppleWebKit/537.36 (KHTML, like Gecko) Chrome/98.0.4758.102 Safari/537.36\"}', 0, '2022-02-23 08:44:57', '2022-02-23 08:44:57');
INSERT INTO `forum_opt_log` VALUES (29, 'USER_LOGOUT', 6, '{\"ip\":\"0:0:0:0:0:0:0:1\",\"token\":\"37a55d30766e4feba2d90fdd7e6f7487\",\"ua\":\"Mozilla/5.0 (Windows NT 10.0; Win64; x64) AppleWebKit/537.36 (KHTML, like Gecko) Chrome/98.0.4758.102 Safari/537.36\"}', 0, '2022-02-23 08:45:25', '2022-02-23 08:45:25');
INSERT INTO `forum_opt_log` VALUES (30, 'USER_LOGIN', 2, '{\"email\":\"1@qq.com\",\"ip\":\"0:0:0:0:0:0:0:1\",\"password\":\"202cb962ac59075b964b07152d234b70\",\"ua\":\"Mozilla/5.0 (Windows NT 10.0; Win64; x64) AppleWebKit/537.36 (KHTML, like Gecko) Chrome/98.0.4758.102 Safari/537.36\"}', 0, '2022-02-23 08:55:10', '2022-02-23 08:55:10');
INSERT INTO `forum_opt_log` VALUES (31, 'USER_LOGOUT', 2, '{\"ip\":\"0:0:0:0:0:0:0:1\",\"token\":\"910167a9450a4084822afb6278ce1558\",\"ua\":\"Mozilla/5.0 (Windows NT 10.0; Win64; x64) AppleWebKit/537.36 (KHTML, like Gecko) Chrome/98.0.4758.102 Safari/537.36\"}', 0, '2022-02-24 02:25:05', '2022-02-24 02:25:05');
INSERT INTO `forum_opt_log` VALUES (32, 'USER_LOGIN', 6, '{\"email\":\"11@qq.com\",\"ip\":\"0:0:0:0:0:0:0:1\",\"password\":\"202cb962ac59075b964b07152d234b70\",\"ua\":\"Mozilla/5.0 (Windows NT 10.0; Win64; x64) AppleWebKit/537.36 (KHTML, like Gecko) Chrome/98.0.4758.102 Safari/537.36\"}', 0, '2022-02-24 02:26:50', '2022-02-24 02:26:50');
INSERT INTO `forum_opt_log` VALUES (33, 'USER_LOGOUT', 6, '{\"ip\":\"0:0:0:0:0:0:0:1\",\"token\":\"54cc7abe95414023a35a33e8d284653f\",\"ua\":\"Mozilla/5.0 (Windows NT 10.0; Win64; x64) AppleWebKit/537.36 (KHTML, like Gecko) Chrome/98.0.4758.102 Safari/537.36\"}', 0, '2022-02-24 02:34:58', '2022-02-24 02:34:58');
INSERT INTO `forum_opt_log` VALUES (34, 'USER_LOGIN', 2, '{\"email\":\"1@qq.com\",\"ip\":\"0:0:0:0:0:0:0:1\",\"password\":\"202cb962ac59075b964b07152d234b70\",\"ua\":\"Mozilla/5.0 (Windows NT 10.0; Win64; x64) AppleWebKit/537.36 (KHTML, like Gecko) Chrome/98.0.4758.102 Safari/537.36\"}', 0, '2022-02-24 02:35:07', '2022-02-24 02:35:07');
INSERT INTO `forum_opt_log` VALUES (35, 'USER_LOGIN', 2, '{\"email\":\"1@qq.com\",\"ip\":\"0:0:0:0:0:0:0:1\",\"password\":\"202cb962ac59075b964b07152d234b70\",\"ua\":\"Mozilla/5.0 (Windows NT 10.0; Win64; x64) AppleWebKit/537.36 (KHTML, like Gecko) Chrome/98.0.4758.102 Safari/537.36\"}', 0, '2022-02-24 02:40:39', '2022-02-24 02:40:39');
INSERT INTO `forum_opt_log` VALUES (36, 'USER_LOGOUT', 2, '{\"ip\":\"0:0:0:0:0:0:0:1\",\"token\":\"95b583731cb647e6a78977b2149801e8\",\"ua\":\"Mozilla/5.0 (Windows NT 10.0; Win64; x64) AppleWebKit/537.36 (KHTML, like Gecko) Chrome/98.0.4758.102 Safari/537.36\"}', 0, '2022-02-24 03:06:56', '2022-02-24 03:06:56');
INSERT INTO `forum_opt_log` VALUES (37, 'USER_LOGIN', 2, '{\"email\":\"1@qq.com\",\"ip\":\"0:0:0:0:0:0:0:1\",\"password\":\"202cb962ac59075b964b07152d234b70\",\"ua\":\"Mozilla/5.0 (Windows NT 10.0; Win64; x64) AppleWebKit/537.36 (KHTML, like Gecko) Chrome/98.0.4758.102 Safari/537.36\"}', 0, '2022-02-24 03:09:35', '2022-02-24 03:09:35');
INSERT INTO `forum_opt_log` VALUES (38, 'USER_LOGOUT', 2, '{\"ip\":\"0:0:0:0:0:0:0:1\",\"token\":\"ca6447eebe234bf6909c05b92c08b9cf\",\"ua\":\"Mozilla/5.0 (Windows NT 10.0; Win64; x64) AppleWebKit/537.36 (KHTML, like Gecko) Chrome/98.0.4758.102 Safari/537.36\"}', 0, '2022-02-24 03:10:33', '2022-02-24 03:10:33');
INSERT INTO `forum_opt_log` VALUES (39, 'USER_LOGIN', 2, '{\"email\":\"1@qq.com\",\"ip\":\"0:0:0:0:0:0:0:1\",\"password\":\"202cb962ac59075b964b07152d234b70\",\"ua\":\"Mozilla/5.0 (Windows NT 10.0; Win64; x64) AppleWebKit/537.36 (KHTML, like Gecko) Chrome/98.0.4758.102 Safari/537.36\"}', 0, '2022-02-24 03:21:01', '2022-02-24 03:21:01');
INSERT INTO `forum_opt_log` VALUES (40, 'USER_LOGOUT', 2, '{\"ip\":\"0:0:0:0:0:0:0:1\",\"token\":\"e7eec2612cbd48aa8905064f482f63cc\",\"ua\":\"Mozilla/5.0 (Windows NT 10.0; Win64; x64) AppleWebKit/537.36 (KHTML, like Gecko) Chrome/98.0.4758.102 Safari/537.36\"}', 0, '2022-02-24 11:24:17', '2022-02-24 11:24:17');
INSERT INTO `forum_opt_log` VALUES (41, 'USER_LOGIN', 2, '{\"email\":\"1@qq.com\",\"ip\":\"0:0:0:0:0:0:0:1\",\"password\":\"202cb962ac59075b964b07152d234b70\",\"ua\":\"Mozilla/5.0 (Windows NT 10.0; Win64; x64) AppleWebKit/537.36 (KHTML, like Gecko) Chrome/98.0.4758.102 Safari/537.36\"}', 0, '2022-02-24 11:24:25', '2022-02-24 11:24:25');
INSERT INTO `forum_opt_log` VALUES (42, 'USER_LOGOUT', 2, '{\"ip\":\"0:0:0:0:0:0:0:1\",\"token\":\"32d1693de31042dfa348f22a34787a21\",\"ua\":\"Mozilla/5.0 (Windows NT 10.0; Win64; x64) AppleWebKit/537.36 (KHTML, like Gecko) Chrome/98.0.4758.102 Safari/537.36\"}', 0, '2022-02-24 19:52:02', '2022-02-24 19:52:02');
INSERT INTO `forum_opt_log` VALUES (43, 'USER_LOGIN', 2, '{\"email\":\"1@qq.com\",\"ip\":\"0:0:0:0:0:0:0:1\",\"password\":\"202cb962ac59075b964b07152d234b70\",\"ua\":\"Mozilla/5.0 (Windows NT 10.0; Win64; x64) AppleWebKit/537.36 (KHTML, like Gecko) Chrome/98.0.4758.102 Safari/537.36\"}', 0, '2022-02-25 09:14:36', '2022-02-25 09:14:36');
INSERT INTO `forum_opt_log` VALUES (44, 'USER_LOGOUT', 2, '{\"ip\":\"0:0:0:0:0:0:0:1\",\"token\":\"06f610da3dd74f3395dd31efd8360c27\",\"ua\":\"Mozilla/5.0 (Windows NT 10.0; Win64; x64) AppleWebKit/537.36 (KHTML, like Gecko) Chrome/98.0.4758.102 Safari/537.36\"}', 0, '2022-02-25 09:21:21', '2022-02-25 09:21:21');
INSERT INTO `forum_opt_log` VALUES (45, 'USER_LOGIN', 6, '{\"email\":\"11@qq.com\",\"ip\":\"0:0:0:0:0:0:0:1\",\"password\":\"202cb962ac59075b964b07152d234b70\",\"ua\":\"Mozilla/5.0 (Windows NT 10.0; Win64; x64) AppleWebKit/537.36 (KHTML, like Gecko) Chrome/98.0.4758.102 Safari/537.36\"}', 0, '2022-02-25 09:21:29', '2022-02-25 09:21:29');
INSERT INTO `forum_opt_log` VALUES (46, 'USER_LOGOUT', 6, '{\"ip\":\"0:0:0:0:0:0:0:1\",\"token\":\"eb475de1947e439f865c0fb290c231b8\",\"ua\":\"Mozilla/5.0 (Windows NT 10.0; Win64; x64) AppleWebKit/537.36 (KHTML, like Gecko) Chrome/98.0.4758.102 Safari/537.36\"}', 0, '2022-02-25 09:21:49', '2022-02-25 09:21:49');
INSERT INTO `forum_opt_log` VALUES (47, 'USER_LOGIN', 2, '{\"email\":\"1@qq.com\",\"ip\":\"0:0:0:0:0:0:0:1\",\"password\":\"202cb962ac59075b964b07152d234b70\",\"ua\":\"Mozilla/5.0 (Windows NT 10.0; Win64; x64) AppleWebKit/537.36 (KHTML, like Gecko) Chrome/98.0.4758.102 Safari/537.36\"}', 0, '2022-02-25 09:21:56', '2022-02-25 09:21:56');
INSERT INTO `forum_opt_log` VALUES (48, 'USER_LOGIN', 2, '{\"email\":\"1@qq.com\",\"ip\":\"0:0:0:0:0:0:0:1\",\"password\":\"202cb962ac59075b964b07152d234b70\",\"ua\":\"Mozilla/5.0 (Windows NT 10.0; Win64; x64) AppleWebKit/537.36 (KHTML, like Gecko) Chrome/98.0.4758.102 Safari/537.36\"}', 0, '2022-02-28 12:06:04', '2022-02-28 12:06:04');
INSERT INTO `forum_opt_log` VALUES (49, 'USER_LOGOUT', 2, '{\"ip\":\"0:0:0:0:0:0:0:1\",\"token\":\"28a42d638c054eba80998018192fe4fd\",\"ua\":\"Mozilla/5.0 (Windows NT 10.0; Win64; x64) AppleWebKit/537.36 (KHTML, like Gecko) Chrome/98.0.4758.102 Safari/537.36\"}', 0, '2022-02-28 19:40:58', '2022-02-28 19:40:58');
INSERT INTO `forum_opt_log` VALUES (50, 'USER_LOGIN', 2, '{\"email\":\"1@qq.com\",\"ip\":\"0:0:0:0:0:0:0:1\",\"password\":\"202cb962ac59075b964b07152d234b70\",\"ua\":\"Mozilla/5.0 (Windows NT 10.0; Win64; x64) AppleWebKit/537.36 (KHTML, like Gecko) Chrome/98.0.4758.102 Safari/537.36\"}', 0, '2022-02-28 19:49:57', '2022-02-28 19:49:57');
INSERT INTO `forum_opt_log` VALUES (51, 'USER_LOGOUT', 2, '{\"ip\":\"0:0:0:0:0:0:0:1\",\"token\":\"4335e585a326439ea2a1ba4aaefa7fd1\",\"ua\":\"Mozilla/5.0 (Windows NT 10.0; Win64; x64) AppleWebKit/537.36 (KHTML, like Gecko) Chrome/98.0.4758.102 Safari/537.36\"}', 0, '2022-02-28 20:13:38', '2022-02-28 20:13:38');
INSERT INTO `forum_opt_log` VALUES (52, 'USER_LOGIN', 2, '{\"email\":\"1@qq.com\",\"ip\":\"0:0:0:0:0:0:0:1\",\"password\":\"202cb962ac59075b964b07152d234b70\",\"ua\":\"Mozilla/5.0 (Windows NT 10.0; Win64; x64) AppleWebKit/537.36 (KHTML, like Gecko) Chrome/98.0.4758.102 Safari/537.36\"}', 0, '2022-02-28 20:22:41', '2022-02-28 20:22:41');
INSERT INTO `forum_opt_log` VALUES (53, 'USER_LOGOUT', 2, '{\"ip\":\"0:0:0:0:0:0:0:1\",\"token\":\"e88af5a73bab4857ba46f3b691486579\",\"ua\":\"Mozilla/5.0 (Windows NT 10.0; Win64; x64) AppleWebKit/537.36 (KHTML, like Gecko) Chrome/98.0.4758.102 Safari/537.36\"}', 0, '2022-02-28 20:25:39', '2022-02-28 20:25:39');
INSERT INTO `forum_opt_log` VALUES (54, 'USER_LOGIN', 2, '{\"email\":\"1@qq.com\",\"ip\":\"0:0:0:0:0:0:0:1\",\"password\":\"202cb962ac59075b964b07152d234b70\",\"ua\":\"Mozilla/5.0 (Windows NT 10.0; Win64; x64) AppleWebKit/537.36 (KHTML, like Gecko) Chrome/98.0.4758.102 Safari/537.36\"}', 0, '2022-02-28 20:25:48', '2022-02-28 20:25:48');
INSERT INTO `forum_opt_log` VALUES (55, 'USER_LOGOUT', 2, '{\"ip\":\"0:0:0:0:0:0:0:1\",\"token\":\"3281da2defc44ebbb19a3e268f9292c8\",\"ua\":\"Mozilla/5.0 (Windows NT 10.0; Win64; x64) AppleWebKit/537.36 (KHTML, like Gecko) Chrome/98.0.4758.102 Safari/537.36\"}', 0, '2022-02-28 20:28:35', '2022-02-28 20:28:35');
INSERT INTO `forum_opt_log` VALUES (56, 'USER_LOGIN', 2, '{\"email\":\"1@qq.com\",\"ip\":\"0:0:0:0:0:0:0:1\",\"password\":\"202cb962ac59075b964b07152d234b70\",\"ua\":\"Mozilla/5.0 (Windows NT 10.0; Win64; x64) AppleWebKit/537.36 (KHTML, like Gecko) Chrome/98.0.4758.102 Safari/537.36\"}', 0, '2022-02-28 20:33:02', '2022-02-28 20:33:02');
INSERT INTO `forum_opt_log` VALUES (57, 'USER_LOGIN', 2, '{\"email\":\"1@qq.com\",\"ip\":\"0:0:0:0:0:0:0:1\",\"password\":\"202cb962ac59075b964b07152d234b70\",\"ua\":\"Mozilla/5.0 (Windows NT 10.0; Win64; x64) AppleWebKit/537.36 (KHTML, like Gecko) Chrome/98.0.4758.102 Safari/537.36\"}', 0, '2022-03-01 11:19:15', '2022-03-01 11:19:15');
INSERT INTO `forum_opt_log` VALUES (58, 'USER_LOGIN', 2, '{\"email\":\"1@qq.com\",\"ip\":\"0:0:0:0:0:0:0:1\",\"password\":\"202cb962ac59075b964b07152d234b70\",\"ua\":\"Mozilla/5.0 (Windows NT 10.0; Win64; x64) AppleWebKit/537.36 (KHTML, like Gecko) Chrome/98.0.4758.102 Safari/537.36\"}', 0, '2022-03-02 10:37:50', '2022-03-02 10:37:50');
INSERT INTO `forum_opt_log` VALUES (59, 'USER_LOGOUT', 2, '{\"ip\":\"0:0:0:0:0:0:0:1\",\"token\":\"313de3f9c2054090912be9da126bfa5f\",\"ua\":\"Mozilla/5.0 (Windows NT 10.0; Win64; x64) AppleWebKit/537.36 (KHTML, like Gecko) Chrome/98.0.4758.102 Safari/537.36\"}', 0, '2022-03-02 11:17:04', '2022-03-02 11:17:04');
INSERT INTO `forum_opt_log` VALUES (60, 'USER_LOGIN', 4, '{\"email\":\"2022433742@qq.com\",\"ip\":\"0:0:0:0:0:0:0:1\",\"password\":\"202cb962ac59075b964b07152d234b70\",\"ua\":\"Mozilla/5.0 (Windows NT 10.0; Win64; x64) AppleWebKit/537.36 (KHTML, like Gecko) Chrome/98.0.4758.102 Safari/537.36\"}', 0, '2022-03-02 11:17:07', '2022-03-02 11:17:07');
INSERT INTO `forum_opt_log` VALUES (61, 'USER_LOGOUT', 4, '{\"ip\":\"0:0:0:0:0:0:0:1\",\"token\":\"dbf9ac0e25a345d799b83786cd9e542d\",\"ua\":\"Mozilla/5.0 (Windows NT 10.0; Win64; x64) AppleWebKit/537.36 (KHTML, like Gecko) Chrome/98.0.4758.102 Safari/537.36\"}', 0, '2022-03-02 11:17:18', '2022-03-02 11:17:18');
INSERT INTO `forum_opt_log` VALUES (62, 'USER_LOGIN', 2, '{\"email\":\"1@qq.com\",\"ip\":\"0:0:0:0:0:0:0:1\",\"password\":\"202cb962ac59075b964b07152d234b70\",\"ua\":\"Mozilla/5.0 (Windows NT 10.0; Win64; x64) AppleWebKit/537.36 (KHTML, like Gecko) Chrome/98.0.4758.102 Safari/537.36\"}', 0, '2022-03-02 11:17:26', '2022-03-02 11:17:26');
INSERT INTO `forum_opt_log` VALUES (63, 'USER_LOGIN', 2, '{\"email\":\"1@qq.com\",\"ip\":\"0:0:0:0:0:0:0:1\",\"password\":\"202cb962ac59075b964b07152d234b70\",\"ua\":\"Mozilla/5.0 (Windows NT 10.0; Win64; x64) AppleWebKit/537.36 (KHTML, like Gecko) Chrome/99.0.4844.51 Safari/537.36\"}', 0, '2022-03-09 22:32:22', '2022-03-09 22:32:22');
INSERT INTO `forum_opt_log` VALUES (64, 'USER_LOGIN', 2, '{\"email\":\"1@qq.com\",\"ip\":\"0:0:0:0:0:0:0:1\",\"password\":\"202cb962ac59075b964b07152d234b70\",\"ua\":\"Mozilla/5.0 (Windows NT 10.0; Win64; x64) AppleWebKit/537.36 (KHTML, like Gecko) Chrome/99.0.4844.74 Safari/537.36\"}', 0, '2022-03-21 13:28:45', '2022-03-21 13:28:45');
INSERT INTO `forum_opt_log` VALUES (65, 'USER_LOGOUT', 2, '{\"ip\":\"0:0:0:0:0:0:0:1\",\"token\":\"0a44220c8ef74b9aba8584e11243280c\",\"ua\":\"Mozilla/5.0 (Windows NT 10.0; Win64; x64) AppleWebKit/537.36 (KHTML, like Gecko) Chrome/99.0.4844.74 Safari/537.36\"}', 0, '2022-03-21 13:49:26', '2022-03-21 13:49:26');
INSERT INTO `forum_opt_log` VALUES (66, 'USER_LOGIN', 1, '{\"email\":\"admin@qq.com\",\"ip\":\"0:0:0:0:0:0:0:1\",\"password\":\"202cb962ac59075b964b07152d234b70\",\"ua\":\"Mozilla/5.0 (Windows NT 10.0; Win64; x64) AppleWebKit/537.36 (KHTML, like Gecko) Chrome/99.0.4844.74 Safari/537.36\"}', 0, '2022-03-21 13:49:32', '2022-03-21 13:49:32');
INSERT INTO `forum_opt_log` VALUES (67, 'USER_LOGOUT', 1, '{\"ip\":\"0:0:0:0:0:0:0:1\",\"token\":\"14f84848afcd4ce29a39964b0ccc3f4d\",\"ua\":\"Mozilla/5.0 (Windows NT 10.0; Win64; x64) AppleWebKit/537.36 (KHTML, like Gecko) Chrome/99.0.4844.74 Safari/537.36\"}', 0, '2022-03-21 14:03:51', '2022-03-21 14:03:51');
INSERT INTO `forum_opt_log` VALUES (68, 'USER_LOGIN', 2, '{\"email\":\"1@qq.com\",\"ip\":\"0:0:0:0:0:0:0:1\",\"password\":\"202cb962ac59075b964b07152d234b70\",\"ua\":\"Mozilla/5.0 (Windows NT 10.0; Win64; x64) AppleWebKit/537.36 (KHTML, like Gecko) Chrome/99.0.4844.74 Safari/537.36\"}', 0, '2022-03-21 14:04:00', '2022-03-21 14:04:00');
INSERT INTO `forum_opt_log` VALUES (69, 'USER_LOGOUT', 2, '{\"ip\":\"0:0:0:0:0:0:0:1\",\"token\":\"275116b407f345aca071d7acb179bff8\",\"ua\":\"Mozilla/5.0 (Windows NT 10.0; Win64; x64) AppleWebKit/537.36 (KHTML, like Gecko) Chrome/99.0.4844.74 Safari/537.36\"}', 0, '2022-03-21 15:49:27', '2022-03-21 15:49:27');
INSERT INTO `forum_opt_log` VALUES (70, 'USER_LOGIN', 2, '{\"email\":\"1@qq.com\",\"ip\":\"0:0:0:0:0:0:0:1\",\"password\":\"202cb962ac59075b964b07152d234b70\",\"ua\":\"Mozilla/5.0 (Windows NT 10.0; Win64; x64) AppleWebKit/537.36 (KHTML, like Gecko) Chrome/99.0.4844.74 Safari/537.36\"}', 0, '2022-03-21 15:49:35', '2022-03-21 15:49:35');
INSERT INTO `forum_opt_log` VALUES (71, 'USER_REGISTER', 7, '{\"avatar\":\"https://sdn.geekzu.org/avatar/9803c3ae8763afc4d4d414d1933ff0a4?d=retro\",\"email\":\"865725198@qq.com\",\"id\":7,\"lastLoginTime\":1648367316815,\"nickname\":\"林铭\",\"password\":\"bfc722a5fcee2d48e4c5a0d39fc3f991\",\"role\":\"USER\",\"sex\":\"UNKNOWN\",\"signature\":\"\",\"source\":\"REGISTER\",\"state\":\"UN_ACTIVATION\"}', 0, '2022-03-27 15:48:37', '2022-03-27 15:48:37');
INSERT INTO `forum_opt_log` VALUES (72, 'USER_LOGIN', 7, '{\"email\":\"865725198@qq.com\",\"ip\":\"0:0:0:0:0:0:0:1\",\"nickname\":\"林铭\",\"password\":\"202cb962ac59075b964b07152d234b70\",\"ua\":\"Mozilla/5.0 (Windows NT 10.0; Win64; x64) AppleWebKit/537.36 (KHTML, like Gecko) Chrome/99.0.4844.82 Safari/537.36\"}', 0, '2022-03-27 15:48:37', '2022-03-27 15:48:37');
INSERT INTO `forum_opt_log` VALUES (73, 'USER_LOGOUT', 7, '{\"ip\":\"0:0:0:0:0:0:0:1\",\"token\":\"e1db93fdf5344098b995d7ba3db1ab5a\",\"ua\":\"Mozilla/5.0 (Windows NT 10.0; Win64; x64) AppleWebKit/537.36 (KHTML, like Gecko) Chrome/99.0.4844.82 Safari/537.36\"}', 0, '2022-03-27 17:07:20', '2022-03-27 17:07:20');
INSERT INTO `forum_opt_log` VALUES (74, 'USER_LOGIN', 2, '{\"email\":\"1@qq.com\",\"ip\":\"0:0:0:0:0:0:0:1\",\"password\":\"202cb962ac59075b964b07152d234b70\",\"ua\":\"Mozilla/5.0 (Windows NT 10.0; Win64; x64) AppleWebKit/537.36 (KHTML, like Gecko) Chrome/99.0.4844.82 Safari/537.36\"}', 0, '2022-03-27 17:07:25', '2022-03-27 17:07:25');
INSERT INTO `forum_opt_log` VALUES (75, 'USER_LOGOUT', 2, '{\"ip\":\"0:0:0:0:0:0:0:1\",\"token\":\"5d32270662454dedba1a8dd6f73c0e7d\",\"ua\":\"Mozilla/5.0 (Windows NT 10.0; Win64; x64) AppleWebKit/537.36 (KHTML, like Gecko) Chrome/99.0.4844.82 Safari/537.36\"}', 0, '2022-03-27 17:08:24', '2022-03-27 17:08:24');
INSERT INTO `forum_opt_log` VALUES (76, 'USER_LOGIN', 1, '{\"email\":\"2@qq.com\",\"ip\":\"0:0:0:0:0:0:0:1\",\"password\":\"202cb962ac59075b964b07152d234b70\",\"ua\":\"Mozilla/5.0 (Windows NT 10.0; Win64; x64) AppleWebKit/537.36 (KHTML, like Gecko) Chrome/99.0.4844.82 Safari/537.36\"}', 0, '2022-03-27 17:08:30', '2022-03-27 17:08:30');
INSERT INTO `forum_opt_log` VALUES (77, 'USER_LOGOUT', 1, '{\"ip\":\"0:0:0:0:0:0:0:1\",\"token\":\"271b9784341d4a559c78d8dbab17ab10\",\"ua\":\"Mozilla/5.0 (Windows NT 10.0; Win64; x64) AppleWebKit/537.36 (KHTML, like Gecko) Chrome/99.0.4844.82 Safari/537.36\"}', 0, '2022-03-27 17:08:36', '2022-03-27 17:08:36');
INSERT INTO `forum_opt_log` VALUES (78, 'USER_LOGIN', 2, '{\"email\":\"1@qq.com\",\"ip\":\"0:0:0:0:0:0:0:1\",\"password\":\"202cb962ac59075b964b07152d234b70\",\"ua\":\"Mozilla/5.0 (Windows NT 10.0; Win64; x64) AppleWebKit/537.36 (KHTML, like Gecko) Chrome/99.0.4844.82 Safari/537.36\"}', 0, '2022-03-27 17:08:42', '2022-03-27 17:08:42');
INSERT INTO `forum_opt_log` VALUES (79, 'USER_LOGIN', 2, '{\"email\":\"1@qq.com\",\"ip\":\"0:0:0:0:0:0:0:1\",\"password\":\"202cb962ac59075b964b07152d234b70\",\"ua\":\"Mozilla/5.0 (Windows NT 10.0; Win64; x64) AppleWebKit/537.36 (KHTML, like Gecko) Chrome/99.0.4844.84 Safari/537.36\"}', 0, '2022-04-01 09:08:04', '2022-04-01 09:08:04');
INSERT INTO `forum_opt_log` VALUES (80, 'USER_LOGIN', 2, '{\"email\":\"1@qq.com\",\"ip\":\"0:0:0:0:0:0:0:1\",\"password\":\"202cb962ac59075b964b07152d234b70\",\"ua\":\"Mozilla/5.0 (Windows NT 10.0; Win64; x64) AppleWebKit/537.36 (KHTML, like Gecko) Chrome/99.0.4844.84 Safari/537.36\"}', 0, '2022-04-01 12:16:48', '2022-04-01 12:16:48');
INSERT INTO `forum_opt_log` VALUES (81, 'USER_LOGIN', 1, '{\"email\":\"2@qq.com\",\"ip\":\"0:0:0:0:0:0:0:1\",\"password\":\"202cb962ac59075b964b07152d234b70\",\"ua\":\"Mozilla/5.0 (Windows NT 10.0; Win64; x64) AppleWebKit/537.36 (KHTML, like Gecko) Chrome/99.0.4844.84 Safari/537.36\"}', 0, '2022-04-01 21:05:41', '2022-04-01 21:05:41');
INSERT INTO `forum_opt_log` VALUES (82, 'USER_LOGOUT', 1, '{\"ip\":\"0:0:0:0:0:0:0:1\",\"token\":\"f62bcd39322345f0a42b3766dd6cff6c\",\"ua\":\"Mozilla/5.0 (Windows NT 10.0; Win64; x64) AppleWebKit/537.36 (KHTML, like Gecko) Chrome/99.0.4844.84 Safari/537.36\"}', 0, '2022-04-01 21:08:25', '2022-04-01 21:08:25');
INSERT INTO `forum_opt_log` VALUES (83, 'USER_LOGIN', 2, '{\"email\":\"1@qq.com\",\"ip\":\"0:0:0:0:0:0:0:1\",\"password\":\"202cb962ac59075b964b07152d234b70\",\"ua\":\"Mozilla/5.0 (Windows NT 10.0; Win64; x64) AppleWebKit/537.36 (KHTML, like Gecko) Chrome/99.0.4844.84 Safari/537.36\"}', 0, '2022-04-01 21:08:32', '2022-04-01 21:08:32');
INSERT INTO `forum_opt_log` VALUES (84, 'USER_LOGIN', 2, '{\"email\":\"1@qq.com\",\"ip\":\"0:0:0:0:0:0:0:1\",\"password\":\"202cb962ac59075b964b07152d234b70\",\"ua\":\"Mozilla/5.0 (Windows NT 10.0; Win64; x64) AppleWebKit/537.36 (KHTML, like Gecko) Chrome/99.0.4844.84 Safari/537.36\"}', 0, '2022-04-03 15:37:33', '2022-04-03 15:37:33');
INSERT INTO `forum_opt_log` VALUES (85, 'USER_LOGOUT', 2, '{\"ip\":\"0:0:0:0:0:0:0:1\",\"token\":\"4e36fde9f33442e186f84e04462eee03\",\"ua\":\"Mozilla/5.0 (Windows NT 10.0; Win64; x64) AppleWebKit/537.36 (KHTML, like Gecko) Chrome/99.0.4844.84 Safari/537.36\"}', 0, '2022-04-04 14:57:05', '2022-04-04 14:57:05');
INSERT INTO `forum_opt_log` VALUES (86, 'USER_LOGIN', 2, '{\"email\":\"1@qq.com\",\"ip\":\"0:0:0:0:0:0:0:1\",\"password\":\"202cb962ac59075b964b07152d234b70\",\"ua\":\"Mozilla/5.0 (Windows NT 10.0; Win64; x64) AppleWebKit/537.36 (KHTML, like Gecko) Chrome/99.0.4844.84 Safari/537.36\"}', 0, '2022-04-04 14:57:28', '2022-04-04 14:57:28');
INSERT INTO `forum_opt_log` VALUES (87, 'USER_LOGOUT', 2, '{\"ip\":\"0:0:0:0:0:0:0:1\",\"token\":\"f20e59964d2042b688d25e6f9e2f7c86\",\"ua\":\"Mozilla/5.0 (Windows NT 10.0; Win64; x64) AppleWebKit/537.36 (KHTML, like Gecko) Chrome/99.0.4844.84 Safari/537.36\"}', 0, '2022-04-04 15:00:21', '2022-04-04 15:00:21');
INSERT INTO `forum_opt_log` VALUES (88, 'USER_LOGIN', 2, '{\"email\":\"1@qq.com\",\"ip\":\"0:0:0:0:0:0:0:1\",\"password\":\"202cb962ac59075b964b07152d234b70\",\"ua\":\"Mozilla/5.0 (Windows NT 10.0; Win64; x64) AppleWebKit/537.36 (KHTML, like Gecko) Chrome/99.0.4844.84 Safari/537.36\"}', 0, '2022-04-04 15:00:26', '2022-04-04 15:00:26');
INSERT INTO `forum_opt_log` VALUES (89, 'USER_LOGOUT', 2, '{\"ip\":\"0:0:0:0:0:0:0:1\",\"token\":\"6323c6956fd643fa9420d482ba52afb0\",\"ua\":\"Mozilla/5.0 (Windows NT 10.0; Win64; x64) AppleWebKit/537.36 (KHTML, like Gecko) Chrome/99.0.4844.84 Safari/537.36\"}', 0, '2022-04-04 16:41:10', '2022-04-04 16:41:10');
INSERT INTO `forum_opt_log` VALUES (90, 'USER_LOGIN', 2, '{\"email\":\"1@qq.com\",\"ip\":\"0:0:0:0:0:0:0:1\",\"password\":\"202cb962ac59075b964b07152d234b70\",\"ua\":\"Mozilla/5.0 (Windows NT 10.0; Win64; x64) AppleWebKit/537.36 (KHTML, like Gecko) Chrome/99.0.4844.84 Safari/537.36\"}', 0, '2022-04-04 16:42:53', '2022-04-04 16:42:53');
INSERT INTO `forum_opt_log` VALUES (91, 'USER_LOGOUT', 2, '{\"ip\":\"0:0:0:0:0:0:0:1\",\"token\":\"c4ea47e6dc054847972d243acb7da62a\",\"ua\":\"Mozilla/5.0 (Windows NT 10.0; Win64; x64) AppleWebKit/537.36 (KHTML, like Gecko) Chrome/99.0.4844.84 Safari/537.36\"}', 0, '2022-04-04 20:00:21', '2022-04-04 20:00:21');
INSERT INTO `forum_opt_log` VALUES (92, 'USER_LOGIN', 7, '{\"email\":\"865725198@qq.com\",\"ip\":\"0:0:0:0:0:0:0:1\",\"password\":\"202cb962ac59075b964b07152d234b70\",\"ua\":\"Mozilla/5.0 (Windows NT 10.0; Win64; x64) AppleWebKit/537.36 (KHTML, like Gecko) Chrome/99.0.4844.84 Safari/537.36\"}', 0, '2022-04-04 20:00:36', '2022-04-04 20:00:36');
INSERT INTO `forum_opt_log` VALUES (93, 'USER_LOGOUT', 7, '{\"ip\":\"0:0:0:0:0:0:0:1\",\"token\":\"505bade0cba94f1480f43978cc3efab2\",\"ua\":\"Mozilla/5.0 (Windows NT 10.0; Win64; x64) AppleWebKit/537.36 (KHTML, like Gecko) Chrome/99.0.4844.84 Safari/537.36\"}', 0, '2022-04-04 20:01:04', '2022-04-04 20:01:04');
INSERT INTO `forum_opt_log` VALUES (94, 'USER_LOGIN', 2, '{\"email\":\"1@qq.com\",\"ip\":\"0:0:0:0:0:0:0:1\",\"password\":\"202cb962ac59075b964b07152d234b70\",\"ua\":\"Mozilla/5.0 (Windows NT 10.0; Win64; x64) AppleWebKit/537.36 (KHTML, like Gecko) Chrome/99.0.4844.84 Safari/537.36\"}', 0, '2022-04-04 22:06:00', '2022-04-04 22:06:00');
INSERT INTO `forum_opt_log` VALUES (95, 'USER_LOGOUT', 2, '{\"ip\":\"0:0:0:0:0:0:0:1\",\"token\":\"a7efcf89c5f8424bb63bc88d29fac80d\",\"ua\":\"Mozilla/5.0 (Windows NT 10.0; Win64; x64) AppleWebKit/537.36 (KHTML, like Gecko) Chrome/99.0.4844.84 Safari/537.36\"}', 0, '2022-04-06 09:53:43', '2022-04-06 09:53:43');
INSERT INTO `forum_opt_log` VALUES (96, 'USER_LOGIN', 2, '{\"email\":\"1@qq.com\",\"ip\":\"0:0:0:0:0:0:0:1\",\"password\":\"202cb962ac59075b964b07152d234b70\",\"ua\":\"Mozilla/5.0 (Windows NT 10.0; Win64; x64) AppleWebKit/537.36 (KHTML, like Gecko) Chrome/99.0.4844.84 Safari/537.36\"}', 0, '2022-04-06 09:59:33', '2022-04-06 09:59:33');
INSERT INTO `forum_opt_log` VALUES (97, 'USER_LOGOUT', 2, '{\"ip\":\"0:0:0:0:0:0:0:1\",\"token\":\"780b4b3dedf040cba92962cc18146396\",\"ua\":\"Mozilla/5.0 (Windows NT 10.0; Win64; x64) AppleWebKit/537.36 (KHTML, like Gecko) Chrome/99.0.4844.84 Safari/537.36\"}', 0, '2022-04-06 10:10:32', '2022-04-06 10:10:32');
INSERT INTO `forum_opt_log` VALUES (98, 'USER_LOGIN', 2, '{\"email\":\"1@qq.com\",\"ip\":\"0:0:0:0:0:0:0:1\",\"password\":\"202cb962ac59075b964b07152d234b70\",\"ua\":\"Mozilla/5.0 (Windows NT 10.0; Win64; x64) AppleWebKit/537.36 (KHTML, like Gecko) Chrome/99.0.4844.84 Safari/537.36\"}', 0, '2022-04-06 10:14:21', '2022-04-06 10:14:21');
INSERT INTO `forum_opt_log` VALUES (99, 'USER_LOGOUT', 2, '{\"ip\":\"0:0:0:0:0:0:0:1\",\"token\":\"a16cd390658c4060a4cfc6f48bf79cb8\",\"ua\":\"Mozilla/5.0 (Windows NT 10.0; Win64; x64) AppleWebKit/537.36 (KHTML, like Gecko) Chrome/99.0.4844.84 Safari/537.36\"}', 0, '2022-04-06 13:27:05', '2022-04-06 13:27:05');
INSERT INTO `forum_opt_log` VALUES (100, 'USER_LOGIN', 1, '{\"email\":\"1@qq.com\",\"ip\":\"0:0:0:0:0:0:0:1\",\"password\":\"202cb962ac59075b964b07152d234b70\",\"ua\":\"Mozilla/5.0 (Windows NT 10.0; Win64; x64) AppleWebKit/537.36 (KHTML, like Gecko) Chrome/99.0.4844.84 Safari/537.36\"}', 0, '2022-04-06 13:27:11', '2022-04-06 13:27:11');

-- ----------------------------
-- Table structure for forum_posts
-- ----------------------------
DROP TABLE IF EXISTS `forum_posts`;
CREATE TABLE `forum_posts`  (
  `id` bigint(11) NOT NULL AUTO_INCREMENT COMMENT '主键',
  `audit_state` varchar(64) CHARACTER SET utf8mb4 COLLATE utf8mb4_unicode_ci NOT NULL COMMENT '审核状态',
  `category` varchar(64) CHARACTER SET utf8mb4 COLLATE utf8mb4_unicode_ci NOT NULL COMMENT '类别',
  `author_id` bigint(11) NOT NULL COMMENT '作者ID',
  `title` varchar(256) CHARACTER SET utf8mb4 COLLATE utf8mb4_unicode_ci NOT NULL COMMENT '标题',
  `content_type` varchar(64) CHARACTER SET utf8mb4 COLLATE utf8mb4_unicode_ci NOT NULL COMMENT '内容类型',
  `markdown_content` longtext CHARACTER SET utf8mb4 COLLATE utf8mb4_unicode_ci NOT NULL COMMENT 'markdown内容',
  `html_content` longtext CHARACTER SET utf8mb4 COLLATE utf8mb4_unicode_ci NOT NULL COMMENT 'html内容',
  `views` bigint(11) NOT NULL DEFAULT 0 COMMENT '浏览量',
  `approvals` bigint(11) NOT NULL DEFAULT 0 COMMENT '点赞量/收藏量',
  `comments` bigint(11) NOT NULL DEFAULT 0 COMMENT '评论量',
  `type_id` bigint(11) NOT NULL DEFAULT 0 COMMENT '文章类型ID',
  `head_img` varchar(8192) CHARACTER SET utf8mb4 COLLATE utf8mb4_unicode_ci NOT NULL DEFAULT '' COMMENT '文章头图',
  `official` tinyint(2) UNSIGNED NOT NULL DEFAULT 0 COMMENT '官方',
  `top` tinyint(2) UNSIGNED NOT NULL DEFAULT 0 COMMENT '置顶',
  `sort` int(4) NOT NULL DEFAULT 1000 COMMENT '排序',
  `marrow` tinyint(2) UNSIGNED NOT NULL DEFAULT 0 COMMENT '精华',
  `comment_id` bigint(11) NOT NULL COMMENT '问答最佳答案ID',
  `is_delete` tinyint(2) UNSIGNED NOT NULL DEFAULT 0 COMMENT '删除标识（0:未删除、1:已删除）',
  `create_at` datetime NOT NULL COMMENT '记录创建时间',
  `update_at` timestamp NOT NULL DEFAULT CURRENT_TIMESTAMP ON UPDATE CURRENT_TIMESTAMP COMMENT '记录修改时间',
  PRIMARY KEY (`id`) USING BTREE,
  INDEX `idx_author`(`author_id`) USING BTREE,
  INDEX `idx_category_state_views`(`category`, `audit_state`, `views`) USING BTREE
) ENGINE = InnoDB AUTO_INCREMENT = 23 CHARACTER SET = utf8mb4 COLLATE = utf8mb4_unicode_ci COMMENT = '帖子表' ROW_FORMAT = DYNAMIC;

-- ----------------------------
-- Records of forum_posts
-- ----------------------------
INSERT INTO `forum_posts` VALUES (1, 'PASS', 'ARTICLE', 2, 'markdown 测试', 'MARKDOWN', '# 一 一级标题\n\n## 1.1 二级标题\n\n- xxxx;\n- xxxx;\n\n## 1.2 二级标题\n\n1. xxxx;\n2. xxxx;\n\n123112312\n### 2 12 \n', '<h1><a id=\"__0\"></a>一 一级标题</h1>\n<h2><a id=\"11__2\"></a>1.1 二级标题</h2>\n<ul>\n<li>xxxx;</li>\n<li>xxxx;</li>\n</ul>\n<h2><a id=\"12__7\"></a>1.2 二级标题</h2>\n<ol>\n<li>xxxx;</li>\n<li>xxxx;</li>\n</ol>\n<p>123112312</p>\n<h3><a id=\"2_12_13\"></a>2 12</h3>\n', 20, 0, 0, 8, '', 0, 0, 1000, 0, 0, 0, '2022-02-23 07:57:31', '2022-02-28 19:17:50');
INSERT INTO `forum_posts` VALUES (3, 'PASS', 'ARTICLE', 2, '11', 'MARKDOWN', '# 一 一级标题\n\n## 1.1 二级标题\n\n- xxxx;\n- xxxx;\n\n## 1.2 二级标题\n\n1. xxxx;\n2. xxxx;![pic4.jpg](1)', '<h1><a id=\"__0\"></a>一 一级标题</h1>\n<h2><a id=\"11__2\"></a>1.1 二级标题</h2>\n<ul>\n<li>xxxx;</li>\n<li>xxxx;</li>\n</ul>\n<h2><a id=\"12__7\"></a>1.2 二级标题</h2>\n<ol>\n<li>xxxx;</li>\n<li>xxxx;<img src=\"1\" alt=\"pic4.jpg\" /></li>\n</ol>\n', 26, 1, 3, 3, '[{\"alt\":\"pic4.jpg\",\"url\":\"1\"}]', 0, 0, 1000, 0, 0, 0, '2022-02-23 08:23:07', '2022-03-21 16:17:18');
INSERT INTO `forum_posts` VALUES (4, 'PASS', 'FAQ', 2, '怎么解决图片bug', 'MARKDOWN', '如题', '<p>如题</p>\n', 16, 0, 2, 0, '', 0, 0, 1000, 0, 8, 0, '2022-02-23 08:59:35', '2022-04-06 10:40:28');
INSERT INTO `forum_posts` VALUES (5, 'PASS', 'FAQ', 2, '测试问题', 'MARKDOWN', '# 一 一级标题\n\n## 1.1 二级标题\n\n- xxxx;\n- xxxx;\n\n## 1.2 二级标题\n\n1. xxxx;\n2. xxxx;', '<h1><a id=\"__0\"></a>一 一级标题</h1>\n<h2><a id=\"11__2\"></a>1.1 二级标题</h2>\n<ul>\n<li>xxxx;</li>\n<li>xxxx;</li>\n</ul>\n<h2><a id=\"12__7\"></a>1.2 二级标题</h2>\n<ol>\n<li>xxxx;</li>\n<li>xxxx;</li>\n</ol>\n', 35, 2, 3, 0, '', 0, 0, 1000, 0, 0, 0, '2022-02-24 02:44:32', '2022-04-03 20:03:28');
INSERT INTO `forum_posts` VALUES (6, 'PASS', 'ARTICLE', 2, '图的M着色问题', 'MARKDOWN', '## 问题描述\n图的m着色问题。给定无向连通图G和m种颜色，用这些颜色给图的顶点着色，每个顶点一种颜色。如果要求G的每条边的两个顶点着不同颜色。给出所有可能的着色方案；如果不存在，则回答“NO”。\n## 算法思想\n与“N皇后问题”一样。在填写每一个顶点的颜色时检查与相邻已填顶点的颜色是否相同。如果不同，则填上；如果相同（冲突），则另选一种；如果已没有颜色可供选择，则回溯到上一顶点。重复这一过程，直到所有顶点的颜色都已填上。\n## 核心伪代码\n```c\nisDiffColor(index)//判断填色是否符合\n	for i = 0 to n do\n		if graph[index,i] == 1 and color[index] == color[i] \n			then return False\n	retrun TRUE\n```\n```c\nBacktracking(index)//回溯函数\n	if index == n then\n		for 1 to n do\n			print color\n	else \n		for j = 1 to m do \n			color[index] = j\n			if isDiffColor(index) \n				then Backtracking(index+1)\n			color[index] = 0\n```\n## 算法复杂度分析\n对于每一个结点，最坏情况下，选取m个颜色和剩余n-1个结点进行比较，时间复杂度为**O(mn)**。共有n个结点，所以最后算法时间复杂度为**O(mn²)**', '<h2><a id=\"_0\"></a>问题描述</h2>\n<p>图的m着色问题。给定无向连通图G和m种颜色，用这些颜色给图的顶点着色，每个顶点一种颜色。如果要求G的每条边的两个顶点着不同颜色。给出所有可能的着色方案；如果不存在，则回答“NO”。</p>\n<h2><a id=\"_2\"></a>算法思想</h2>\n<p>与“N皇后问题”一样。在填写每一个顶点的颜色时检查与相邻已填顶点的颜色是否相同。如果不同，则填上；如果相同（冲突），则另选一种；如果已没有颜色可供选择，则回溯到上一顶点。重复这一过程，直到所有顶点的颜色都已填上。</p>\n<h2><a id=\"_4\"></a>核心伪代码</h2>\n<pre><div class=\"hljs\"><code class=\"lang-c\">isDiffColor(index)<span class=\"hljs-comment\">//判断填色是否符合</span>\n	<span class=\"hljs-keyword\">for</span> i = <span class=\"hljs-number\">0</span> to n <span class=\"hljs-keyword\">do</span>\n		<span class=\"hljs-keyword\">if</span> graph[index,i] == <span class=\"hljs-number\">1</span> <span class=\"hljs-keyword\">and</span> color[index] == color[i] \n			then <span class=\"hljs-keyword\">return</span> False\n	retrun TRUE\n</code></div></pre>\n<pre><div class=\"hljs\"><code class=\"lang-c\">Backtracking(index)<span class=\"hljs-comment\">//回溯函数</span>\n	<span class=\"hljs-keyword\">if</span> index == n then\n		<span class=\"hljs-keyword\">for</span> <span class=\"hljs-number\">1</span> to n <span class=\"hljs-keyword\">do</span>\n			print color\n	<span class=\"hljs-keyword\">else</span> \n		<span class=\"hljs-keyword\">for</span> j = <span class=\"hljs-number\">1</span> to m <span class=\"hljs-keyword\">do</span> \n			color[index] = j\n			<span class=\"hljs-keyword\">if</span> isDiffColor(index) \n				then Backtracking(index+<span class=\"hljs-number\">1</span>)\n			color[index] = <span class=\"hljs-number\">0</span>\n</code></div></pre>\n<h2><a id=\"_24\"></a>算法复杂度分析</h2>\n<p>对于每一个结点，最坏情况下，选取m个颜色和剩余n-1个结点进行比较，时间复杂度为<strong>O(mn)</strong>。共有n个结点，所以最后算法时间复杂度为<strong>O(mn²)</strong></p>\n', 18, 0, 0, 4, '', 0, 0, 1000, 1, 0, 0, '2022-03-21 19:01:16', '2022-03-21 14:08:04');
INSERT INTO `forum_posts` VALUES (7, 'REJECT', 'ARTICLE', 2, '测试', 'MARKDOWN', '# 一 一级标题\n\n## 1.1 二级标题\n![pic1.jpg](1)\n- xxxx;\n- xxxx;\n\n## 1.2 二级标题\n\n1. xxxx;\n2. xxxx;', '<h1><a id=\"__0\"></a>一 一级标题</h1>\n<h2><a id=\"11__2\"></a>1.1 二级标题</h2>\n<p><img src=\"data:image/jpeg;base64,/9j/4AAQSkZJRgABAQAAAQABAAD/2wBDAAYEBQYFBAYGBQYHBwYIChAKCgkJChQODwwQFxQYGBcUFhYaHSUfGhsjHBYWICwgIyYnKSopGR8tMC0oMCUoKSj/2wBDAQcHBwoIChMKChMoGhYaKCgoKCgoKCgoKCgoKCgoKCgoKCgoKCgoKCgoKCgoKCgoKCgoKCgoKCgoKCgoKCgoKCj/wAARCAH0AfQDASIAAhEBAxEB/8QAHQAAAgIDAQEBAAAAAAAAAAAAAAECBgMEBQcICf/EAEkQAAEDAwIDBQQHBgQFAwMFAAEAAgMEBREGIRIxQQcTUWFxFCKBkSMyQlJyobEVJDM0YsEIQ1PRFiUmNWM2c5JEouEXgoOy8P/EABsBAAIDAQEBAAAAAAAAAAAAAAABAgQFAwYH/8QAKxEAAgICAgICAwACAgIDAAAAAAECEQMEITEFEhNBIjJRFDMVYQZCFiNx/9oADAMBAAIRAxEAPwD6Oe94cRnlj9Ao967xWOtqqendxTzRxMIBy92Oiq111zQUpMVvZJX1HhGPd+asKLZx9kuy2947xXNud+oLfGXVdXEwj7GQXfJee3C7Xa5g+11ooad3+VBu/wCJXIZHTQuJZEJHjlJL7zs+OVYjrOSsi8qRb67W9dUtLbLSMjiP+fUDYquV9VVVj/8AmdylqccmR+4wfJazppJBh7s4UMK3j14x5aOUsjZt+3SRx93TfRR9GhYDUzucXOkcSfNY0OC7qCXRyJd/L98/NHfy/fPzUMoyigMnfy/fKDPL98qGUIAn38v3ymJpfvlY8pZTAyd/L98o9ol++Vo1NxpKfaScF3RrRxO+SxRx3O4yfucHs0PSSY/2TSsi5JHSdUytaXGTYc8lc+ovLy4Mo2y1Mngzl81t0+mgfeuNZLVH7uMNXcpqaGkYGU0TImDkGhNQvs5Sy/wr1PR32tA9plbRRO+4eJy61vs9PRHiDnzS9XyHJXR9ULrHGonNzbJiV4bgFISP+8ooU6ogzJ3j/Fa9wnP7Pqve+wf0WUlat0GbbV/+079EWhRfJwvaZHWmjdG44MediqLV1Mnt8n0ruZ6q40j+O00jQPqxAeqo9W3hrZT/AFFdpfqjtF2S76X/AFpP/ktqy1Epv9P9K/ZjhuVoBbFl/wC/04/ocUodkcvReDPL99yO/l/1HrGRunj1V9VXJnthJPL3b/pHcvFVKWaUyO+kdscc1aZR9E/0VSf/ABH+qz91r6LeqzuaQnl/Zsg7x20rxz81btPzSe0SZcTt1VL0cMW2R33pXFXGwfzD/RYmTo2cfRYe9f0ch0r+rlAhGFUOj6KfcaiSPUtc1sj92sPNHfy/6rvmsFz/APVNbv8AYZ+imvU+PX/1I8/t/uTE8p5vcU++k++75rGhXqRVJd/L0e5HfzH/ADConYEoOGgOJAbjmUNxRKPZLvZv9Uo72X/UK1RUmUhtJE+pcfucls09luNYcVcoposgljBlxHhnouEs8VwjooWYqm4iD+JUY8B1PwUqeS5V2PZo3MjPKWQforDRWiipMFkLXP8AvP3K3geEYAwPAKtPI5cHWMfU4dPp5pcJK+qmqnD7JOG59Au3C7uYxHEA1o8AgIwuSikdPYyd6/7yO9f95Y8p5RQexMTP8UGV55uUEZwgLJmR3il3r/FRQiwIVLBVQuin96NwwQqhdtJ1bJO9stfJGP8AQkOW/BXJGVX2NWGdesjrhzTxO0eVT1lbRVHs9c2aFw+0TkH4rM2olIz3jsHqHL0itoqeuiMdVE2Rh5ghU+46KdTcUtlqHMzuYpDlpXl97wLXOPo3NXyqbSmV651EoopfpH/V+8rRQVDxQwDidngHXyVMvTpaSOSnuMLqeXBAJGzvRW2gOaOB3iwKPjdeeG4zVHbazRn+pebbLJ7HH732Qs3eyfeWtbj+5xfhWwr8uyomUDXlTK2+44v8pv6lCeuIO9vQdxYzE3bHmUKB0O9cIoKipe+4yy1spOTxuwB6DkkZWsZwQRsib/SFCbPfyE7nKhzK144lFUZzbfYiS45JSKaMLolQgyhHCjhUgBCMIASAaFCQhjeJxDR4krkXPUNDQuDO9EsjjgMYdyVzeaCdWS9HVnaKw1NRFTR8c8jWM8XFVSrvtfUgtp42UzT1fuVy305nfx1csk7/ABcdvkj2vog2kd+s1SzLm2+B1Q4dScBbNlL9QMJmrmw4+tDHsfzVfGwAAAAWPu3MqG1FPI+Gdu4ewpr/ALISl/D0+32aiovehhbx9XHcldIHw2VT09qlkz20tyIjnIwH591x/srW0gjI3CsY2nwivJv7DOUJoXVERITQmAIQhAhLXuZxbao/+J36LYWGtiM1HPEPtxuH5JP+jXZ5hb765tFwyMDugwOS5bnl7nOPMnK16TiYwxP5xktPzWSWWOFuZXhg8TyS+Zf+zLMYfwmtmyDN/g/A5Vmu1RbqUH6XvSPurhu1/JT1TKi3wtD2ggFy4z3seNknglNUe6lY31UMbuGSWNh83DC+dbhrO+V5Pe10rWn7LTgLjS3CrldxPqJCfxFc5+ZX0iK8dfZ9LVd4t0cDy6tp+X+oFU/2rb+tZEc+ByvDTNI4kl7s+OVHvJPvu+ao5fISy9neGioI+i9J3S3stPC6tgDzI4gF2M7q76ZqIpZ3ujmicMdHhfHveSDlI4fFblJcK+FxdDVTNPi12FWlsXwW446VH207mlndfLNm7StU21jWNrhNG3YNmGVcbP23yRgR3ehjmx1icQVD5ES9S+3A51Ncfws/RZlQz2m2OsvVRUuEsLZWtaG8O4I5rqxa2s04aKapD3k/VPur0mltY4YkmzE2debndFnWtU1sFP8AxX4OcYxkrYobdW3GmbLK+KGBwzxNPGT8V2qGzUdLuImyP++8ZKsvaUv1OKw12cGnbWV2PYqctjP+bLsPkujFpqF7mPraiScj7IOAF3jyA6BC5SySkTUUiENPFA3hhYGN8AswSTCiIMpJ4RhACQnhGEAJCOHyRw+SAHyRzRgowUACEsJ4KBghLB6IwgBoRhGEcfYjl6mpaeqslYKmFkgbESOIciq7Qe7RQN6BgwrPfBmzVg8Yyq1SD91h/AFn7MVdo0NaTa5Lnb/5OP0WcLXt38nH6LYb19FlS7LqKJrarkjvIaw4AiH6lC1Nenhv2Mf5Tf1KFE6ljn/mJfVRClU7VEnqohbZm2NQUkOIaCSQB4kolJR5Y0m+hqBeuPW6ipKd/dxA1Ev3WclyJrrcqoYYI6eI9WjJVDP5PDhV2WMerPJ0WSsuNLSD6eZoP3eq4lVqUyMc2ipnv/qdthchlM1she/6SQ83P3K2MbLB2POSk6iaWLxySTl2Y6s1Fa7jq5nEn7LTsFzq6JjK2jZG0BxdxbDmF1cLkVEVXVXxopI2ydxHktPUdVU0s+TNm/JnTaxRhipI6IRhY4JmytPDxBw2c1wwQVlXtYtNcHnJdiTxlGElIRilYJBg8l27BqGe1cEVa989Ly4zuWBck7oxlJIVHqtHWQVkQlppGyMPULOvKrXWVFoqe9o3HhP1o3HZyv8AYb7TXenLme5O360Z5/BWIzVUzlKB1kIQuqOYISKruptY2bTkLjX1TDL0hYcvPw6LnPLGCtk4QcmWNcC/awsliY83GuibI3/LYeJx+C8P1h2u3O5ufBam+x0udi36x+K8xnnknkdJM9z3u5lxyqGbyH1EuY9VvlnoWsddwVd2qZLDAYYJHcWX9T4qj1t0q6xxM8ziD0ytEDJypnksyeeUy9HHFEck8zlJBQuLZ0oYQjkln5oGPCRz0CY5A4Kygdy3ieCHdAUARDAG5fy8EOnOMNAaPJQc4vOTzS26IAeS7ckk+aOSMI5JCDOEB7mOBYS0+SEYTTa6As+ldcXnT07HU1XI+Ic43nLSvedE9ptr1FwU9URR3DqHu913ovl/CyQyOikD43FrhyIVvDtSg6Zwy66kfbIPEARgg8iDkFC8R7Hr7qGupqmGiqY6x1MA40s5wXt6lp8R/detWS+Ut2a5sYfDVM2kppRiRh9FqYd2E/xsoZdWcF7HWQj9EK8uipQIQhAwyfFGT4oQgA38Ub+KEIARc5LicpJYQAZPijJTQgARuhCADJ8Ub+KaFERoXs8NorOuYyqvbxigp/wBWi/DNnqx/wCMqsUZxSQ/gCpbPZe1S5W9wbRx5IG3VbIC81utylq38LZHNij2aGnn5q36OqZam1DvXF3AeFufBZjRcRVO0B3/AFAdv8pv6lCj2gf9/wD/AOJv6lC5nUs9X/MP9VoVtwpaFhNTMxnl1VaulZcq2Z4dU9xEDgMj/uVpxUkbX8b8yP6lxyuOz53HFVj5ZPF45ydTOlUakmndigp+Fv8AqSdfguZOKqtcTW1b35+y33Wj4LZIGBhRAWDseVzZVSZo49OECAY1rQGgD0CkNk8YS5LNcpS7Lail0MBHNHM4TISGCzaPa595r5WD6vug+iwPOIyt3Q8Z9lnlcP40jiPTK2/DRUslsz96X40YNSW9lRcDNSyd1MPreD/VcuCZ3eugqW8FS3n4O9FYK12aqQrn3CjjrI8PHDIPqyDmF6qMqZiyxpowKI5rntqZqOpZS3Ity76kg5FdAj5LtCaborSg0SCaj80bdV1IgkWvEjZYJXRVDDkOacZ9VLI8UBNsKst+ntUtqHtpLpiKoI9yTPuyfHoVYbjcaS3UrqitnjhhaMlzivC9Tano7bTPiY5stSeTQeXmvN77qS63vhbX1kj42jDWZ90DwwqstxwdI649b2dnqOve1+SWOSh0818cWcOqHbOI8gvG6yrmq5nS1Mj5ZHc3POSsCaoZc8p9l+GJRVCCWFJBOFwJiAWRQDl2LJpy7XyQMtlDNMT1AwPmoykojUW+jkkJAOLgGjJK9m0t2H3CqeJb/UtpYhzjZ7zl61p3s401Y2tNPQtmnb/mzDiJ+HRcJ54otY9WT5Z8y6f0NqC/ub7BbpSx323jhC9G092E1szmuvdwjp4zzZG0k/NfQUUUcTQ2KNjGjo0YUsLi9j+FyGrFdnius9K6U7P9JTVIoxWXCZvdwOqDnfxx8F88zSOlfxPXqn+Ie9PrtYewskzT0bOANHid8rylWcdyVsz8ySlSABMDyQ1SBzy5rocjbpbXW1NFNVw00r6aEgSSNbkNytJfUPYdp8UmhHe3wMfHXuLnRvGQW+aqvaD2LSF8tfpYkxnJNI7x/pK4rOro7vXfraPCELbudsrLXM6Kvp5YJB9mRuFq4XZNMrtNOmRUgUHZIFNhRcOya5z23XlsfAcd5II3DxB5hfUmotN012lZURE0txjIMdVGeFw9cbFfMHZLZqm56yt8kMTjFA8SPfjZuF9eFU8uR45XE0sGNThUipUF0qIa5ttvkbYq4j6OVowyoA6jzx0XbUr1aqa70LqaqacZ4mPbs5juhBVat1fWWitZab+8Pe7amrOTZWjo7wctzQ8i5xUZvkxd7x/q/aBZMoylnl6J5W4raMYWUZRlGfJMAOEIznog7IAEZQhAAhCEAPKMoyllAhoWKaoigbxTyNjZ95xwFw67UjB7tvidO773IIA6N/dwWerOM/RlVeNpdaw1v1jGMLVvU9yq6KZ9XUNbG1pPdRbD5810KTekgPiwKhtxcXyXNV2V+OGWSURxsLnE4wF6Dpmglt1vayox3jjxFZ7dTQiFkrYmB55nC0odSQT3L2cNceJ2A7xWZJl9FY13LGy9t4nYJhacfEoS1w0G+HiGT3bd/mhcrJnOqs+1S5OfeKxnZZan+Yk/Ef1WErxJ6ARcOiM4SwgpEhowlhSbsmIAN0zsgbnCbh7qAMFY7hpJneDCV3tLju7JC7n7pd8SqzdtrfL5jA9SrfRR+z2WJhGCIxlej8LDhyMrfdujlPyZHZ3OVA7IATct5vgz0cepjbVXd4nHE1kWMLTd7RbnhuO8os7nq0Lcp3cV1rtsYIb+S2l5nLv5MGxwzVx6kcmM14po5WB0Tw5vkprTqaOWEmaixkfWjJxn0UTc4I6V007u74B77XcwV6PU8jDPH/sx9nTliZvvc2ON0jyAxvMleeau1iS99LbcNbneQcyuTqnVs9zkdBTnuqcbHhOCfVVZ2XHJO6WfYt0gwYaX5CllfM/jlcXOPMlNkbn8lKONoIdJt4JyS7Frdmql2WqoO5Y0Ze/fwCjxQg4PEsaeExmRrGv+q7dWnROgrvq+ocy3siEbMccjnbNzy2VSwujZ7zcLPVNqLdVzU8rTzY7APkQoz6JQq+T6M0r2LWi1PZNd3ur5m4907MaeuPFemUNFTUMLYqOCKFjRgBjcLyHs47ZIbjJFbtTFsE5w2OpA2cf6v917OxzXMa5hDmkZBHIrPyqV8mthcGuAyjCaFxosoWE2jBQjKS7CXR8Y9otSazWV2lcc5ndgqtYVu7V7W6064uULhgPkMox1Dt1UVq4/1MLJ+wYVg0Fp6bUmpqOhhaSHPDpHeDRuVx6GknrqqOmpY3STSHDWt5kr6r7I9Ct0hazJVsa65Tgd6erR91c82RRVHXBicnbLvR0kdHSQ00IAjiaGNAGMALYGwWOWaKFuZ5WRfjdgLmP1NY2SBjrtR8Z5DvAqDNZOKVId90/ar7A6G50UczSNnEbj4rza99hdnqnmS21clJvkxlvEPgvWqeeGobxQSxyt8WOysxClHJKJCWOEu0fP/wD+gU/ehwvMPAevdlduy9hFsp5GvuVdJUNHNjGhoPxXspQm8smRWvD+HMsdit1jpRT2yljgjA34RufMro4UkLk232dopRVIitO82ulu9A+krI+Jjtw7kWnxB8VvITjJxl7IUoqSplOs1RUW+rFluz+Odrc01Qf/AKhnif6l3Qo6itDLvQ93xd3URnjhlHON3+y5OnrlLVNmpK8Blwoz3c7PHwcPIjder8dvrIlBvk8t5HSeOXsjsb9EZPihC2TIDfxRv4o26oQAIQk5zWjL3BrR1OyLGNC49Rfqdp4adpnf4NO3zXFq6241bgHTdzAfss5/NSjFy6IuSRZa+6UdE36WYOk/02bu+S4NRqCrqHn2KAws6OeMFaEdPHEcgZJ5k81mBViGtatnKU/4a89OamTvKuV8z/6th8lnY0MGGgAeSkd0KzHGoqjlKTNW5f8Ab6jP3Ctmg3oKY/8AjC1bt/22cf0roUn8pA0fVDAB8li+SVtGppdFpoBxUDG+IIWhQadp6OsNV3jpCDkMPIFdG3N/c4z4jK2AFhz7NJI8517P3d+I4c/RNPP1QsfaC3i1E8/+Nv8AdC5nWjWqv5iT8R/VYyAOSy1TsTSfiP6rBxZXiTeHhRTymkMhhSaEFAKYg5KR3UTuUhkckAadzY6V1LA3fvJQFcbgSy3gA9AFVYYzLfqJregJ/RWi8uDYGN6uK9b4qHrhMXblczjpuSSmIbC9x6ArSm6iVo9nHtp45auX70pwfJby0bOP3NrjzcS4+eStqaWOCF8szwyNjeJxK8RtJzzNI3sLUYGOvq4aGkkqKhwaxg+a8e1XqF94rHd2OCEHAA6rNrPU0t4q3RRkilYcADqqwFs6Os8MbZR2Mqm6QLIAA3JGUoWh2S7kN1Hiyd1fRUE9znuLnHdJNNDGRTzhZYoXyh5Y1xDBl2BnA8VjdsgARhJPKAAZBBBwR1XuXYTr6oNcyw3eoc6F4xTved2nwJXhqzUNS+krIJ4yQ+J4e0jxChOCkuTrhm4y4PuxC0NPVZrrFQVTt+9ha7PicLfcspunRtxdoRQ0pYRlKx/VHnnap2cRaua2rpJRBcI28OSNn+vmvL6DsMvks2K2op4Yx1aclfSuUi7yXSOaS4RXlrwk7ZRNE6AseiaZ9Y8RyVLGlz6iXk0dcLIb1edUF0enW+xW7JDq6Vg4n7jdjTz9U7vE7Vuo/wBkskLbTQFr6vBwJX82s+GM/FXGnhZBE2OJobG0cLWgcgnKbfZKONJUin0/Z9bnEyXeqrLlMTkmaU8PyXROi9Nuj7s2ek4B/Tv8+asiWFD2JqCKdNoG1xu47XLVW6QfVMMpwPgeagaTWFrZxU1fS3OAbBkrOF/zHNXTCMp+4UVi06ypp6oUV1p5bZXcuCce64+TuqtIORkLSutupLvSPprhC2WJ/PxHoVUHG5aHkJaZbhp/IzneWlB/VvilKn0NOi+IWrQVtNcaOKqopmTQSDLXNK2QokvqwJwnlBUSmRJKp6tpZaGohvtE0ccA4algH14/HHiNyrWFGWNsjHMkGWuBBHiF218rxTUkcs+GOaDTOVTzR1ELJYXB8bwC13iFkVetfFY7xPZpz+7u+lpHu6tPNpPlvhbtde6Sl4mscZ5R9iPmV7fWzLNC0eL2MXxTo6mMrXra2mom8VRM1o6Dr8lWKi8XKtGGMbSxH7QOXLUFLGX8co71/wB5+6uwwuRUlkSdHWqdQmU4oIXFv+o7YFceojqK2Xjral8o+5khvyWwwcOw5eCkFZhrxi7ZzeVshFG2NuGNDR5JkKSMrsoJdEG7IlCEKREYQUBBTA07t/2yo9Fv0P8ALRfgatC7/wDbKj8K6FJ/Lw/gCwvI9mpodFuth/cYvwrZWpav5GL0W2sKZqLs8p7R3f8AUh/9lv8AdC2NfEt1C8Y/y2/ohVfZnY1KnjNRLn7xWMAdThbNQcVEv4itdw3XkDdFz9FLbokBnAUuHCQwISwpEZCMJCIHdIqZCiXNClFcibpD0+wz6jkk4fciYN89V273/Fjb4Arm6LGZa2Xo5+3wwtu5vL6l2TyXttOHphRgbDuZprXucgit9Q49GHZbS51/P/LXNG5c4ALrmf4MjBXIx0Mfd0UIcRngXnGvdTGqqHUNE8ezxnDnNOziu72gagFvpBbqV+Jnt94t6DwC8ofu8uPVYWtrfk5zL2TLS9USIyjCS22UM7qV9SY3+zt5PDTjPgtArrk13OLYwwfFYkE5OUuSYiWMJFSzlZKaJ1ROyJn13nAUZOkNcuj3T/Dtphk9vuNzradskMo9naHtyCOvP9Vz+0vshqKR0tx0zC6WlOXyU3NzPMDw/Ne0dn9oFh0fbaH7TY+J34juVYAFQedqVmn/AI9wPhGeJ8Mro5WPZI3m14wQoAL6+1p2c2LVPE+aEUtY4fx4hvnzXkN77DLxSyu/ZVVDVs6B3uu/NWoZ00VJ60l0jx9bVuo5q+sipqZpfNI8Na0cyc4V8j7H9WPkcw0TW4OMl4wvWOyvsti0xO243YsnuAHuMG7Y888eJTnmj68Bi15+3R6Hp6jfbbFQUTwOKCFrHY8QN10QnhACzn2a6VKgSwpYTwkMhnC4+rLp+yLLLNGQaqQiGBv3nu2H+67JCqd5H7Q1vaaM7xUUTqx/4js3+6EiMjpaVtMdls0MGeOok+lqJTze8812AcoO6eEN2CBACMJgJUSF1RhS26oRQEQk4AtIcA5pGC0jIPqpITIlBulFV6PrnXexRmW0PPFV0DBszxe0f2VyttwprpRQ1lBOySmlaHNc05+HkVtvHE0t2323CoNdTTaFuT7hQtc7T9S796gbv3Dz9to8PFTq0F0X3OEKNPLHUQslicHRvHE0+IWTChQ+yKFJCGBW9d2V94sbzTZbXUx72B423HQnzVMss8NXbYZo2cD3D6RvUOzjC9YwvM79R/sbVGGDFFcB3jPBsvX5r0fgttRyfHI8/wCX1nKLnEnw45BGFJC9x9WeRaafIYTSCaQyKEJhMQYSTWtV1tPSNJnkDcdOq5ZM8MSubo6Qxym6ibKjJIyNvFI4Nb4nkuFJepag4pIHRt/1JNvktN9IJpu9qpHTuPMOOywd3/yPBgVQ5Zqa/iMmR3I2rveY5aSaOkZ3rSMF55BWKjd+6wn+kKp1rR7IWNAa3kMBW6H+BF+ELJweRlvNyZoS1FrcItlsH7jF6LbWpbf5GL0W1lKfYJnmPaHJw6jd7ucxNPNCh2gD/qOT/wBtv6IVQ6mKpOaiXYj3isaz1bg6okx4rEV5E3iOcJu+plHNBdkEIGNv1QVIqHFtgJ8SBEX5IOFB2BCXO5AZWQla1zk7q3ykDfhwPUrpiVzSIZHUTsaKZw2t8pGDJIT8Eqx2al/qt7T8Hs9jhGObR+i5r3FzyTzyvc4VWNI8/kdyEq9ra4C3WpsmRxl4LR1OOq78jxHG579mNGSfBeHa3v8ALers/Dj7PEcMaoTkqaY0cO41ctdVyTzOL5HOJJKwAZQk1U26R0R6R2S9nkmrqs1VW7u7ZCffPV58Arb/AIghS2K02rT9shjp6c5lexgxxdMnzXo3Y1am2vQVAAMPnzM7pnK8Z/xF1Xfa2ZEPqwwNHxK4LI3Ki7kxKOOzynCMJoVhFMYXo/YfpiS+6thqZYyaOkPePeRsSNwP0XndPE+edkUYy57g0Hpkr6P0E+ptdphsWkIxUVRIdWXGQZijeRu0HqR0XLK6VFjXipS5PWKyspqKMSVc8cLOnEcfJcCo1zZGODKaWarf4QROcPnyWvb9EwOf39/q5rtVHc9648APk0bYVppqKmpY2spYIoWN2AY3GFnmqk2VpurKmfelsNyePEs4c/NQl1ZXQcRqNOXMDxbg/ordhMDAQHqVKn13auJrLgypoJXcm1EZH5qz0tVBWRCWllZKw9WnKKmmp6mMx1EEUrD0e3IVcqdIxQzGaw1UttqCcgN95jj4Fp6ITBcFpBymqla9TVFJXttmp4W0tU4gRVIP0U/p4FW0kYBG4KCV2CQKaiThIkNVWxEVGvNSS8xAyGAO8PdyR+atSqelXf8AUWqmn6wqmk//AAQiDLZsUnOSbuE+FBNC4lIFRIwnnCBN0NyC5a9TWU9K0Gqnhhz994C5NRq6wQZ727UYxzxICj1bIuaR3C7KBlcKl1dp6p2hvFGX9GmQZK7cE8U7A6GRj2nkWuBR6SEppmRRnYyaF8UrWvjeMOa4ZBCkolF0TqwhiZDE2OJvCxowGjkAgFAQokw4j1UgVFPOEEWg4sFcPWluFysczWN+niHexHwc3f8AMbLtlBGdiuuHI8c1NHLLiWSLizzS3ze00MU3V+59VOaaOFvFNIxjfFxwsVZo7Ugu1VS2uspae2SzOe2QjL25PILq0XZvbWva671NVcpR9YSuw3PoF7D/AJ+EIKKPLPw05Tb/AKV+TUFpY7hNfBkcxxKP/EVrHOrYPPBwvQabStipcdxaqRuPGPJW6600Dou7NHT8Hh3YVf8A+Sf9Fj/gf6zzimvNuqZOCKshLvDiTq7nTUwOXh7/ALrSrvVaRsFTvLaqXPi1vCVWa7sxoXPdLbLhUUUmdm5DmfLmo5f/ACKTj+K5EvBesuysTXKvqHFrGiCPyPvLCyma2QveTJIftPK2rtZtQWVxNRSC40w/z6cYdjxLVrUdbBWA9y48bfrMcMOb6heW3fIbOf8AZmrr6WLCqozN2TcUYSIWM5N9l9OK6MNbvSyeitdOc08R/pCqNc791k9Fbqc4gjH9IXpvCv8ABmPu9lutw/cYvRbJWC2/yMXos5WnLspRPM+0Bn/Ucn/tt/RCwdoLHSalmPHjDGjl5IVQ7Ean+Zl/EViyslV/NSfiKxOGCF5E3iYxjYKACAcEFPOBkIGGMJEo4ieaeMoEIFad3d+6tb994b6Lea1aNaDLXUVOBu5/ER6K3pR9sqRxzyqDLm0GG0Ma77q4a7NzdwUMbf6cLg1EzKeGSWU4YxpcSvZp+qowOyn9pl7/AGfbRSQuxPON/Jq8dyTz5nmutqi7SXi7zTyOyM4aPALkqnN2zrFElu2WifcbtS0kQzJNIGAeOStNejdgtqFx1zFLIwPjpGGUgjIz0XHI6R3xR9pUfT9qphQ2ympWD3YY2sHwAXzp/iLtE0Gq4q8NPs9REPextxDY7r6VA5+ZyudfbPQ3qjdTXKmZPEQR7w3b6KlGdOzVzYPaFI+HwMptY5zgAF9H1fYTaZp3PpLhUwxHkw4OFiPZnYKe4QWW1sNTWOxJVVMjv4MYPTpl3+6tfMqKC1ZFK7K+zWbUQbX15MNuY7rs6U+A/wB19IWugpbZRR0lDAyGGMYAYMZ9VO30UFvooaSkjbHBC3hY0DotgBUp5W3SNHDhUFbDKkDlRzjmE+LCgdhn0RnKRKOLyTECMpowogaF6tdJeKCSkr4hJG4bHq0+IPQqr2a41emq9ln1BIX0crsUVa7kR9158VdytO726mutBLSVkYfFIMebT0I67Joi1TNvi2BG4KM5VO0pXVtuuD9P3nL5mtL6So6TM6AnxwreClIaZIKpUUT7d2gXBsjHCK607JY34242bEHzVtCHAEtJAJbyPUJDoAE0E7LQvFzpbPbZ62vlEcETcknr5IjFydIG0lYXu7UNkoH1l0qGwU7Obnf2Xgeu+2etqp5KfTmaam5d68e8708FRe0PW9dq66SSSPLKFpxDENgB5+aqC0MeFJcmZn2W3SOnX3y53CQvq6yeR/i55K55c5/13EnzUAlld1CKKnvJk2ktcHNJBC7Vl1ReLPMySgrpo+HoHHC4gQThDjFjU5J2e8aJ7bHvmiptSRgt5Gdo5eZXuVBWU1wpI6milbLBIMtc3kV8Kheh9mHaLVaVrG09QHzW2Q4fFn6pzzHgq+XAnyi3h2pLhn1fhPC07VcKe52+Gto3tkp5mcTHtOQQtwP8lRfdGinatCIwlv4KRKRKQwwhPKMpgRymEvQJhIACmkQOqWUxjO6W3QJ5ykThMBZPzVY1Poy23xokDXUlY05bPCcHPn4qzE5UkmrIOCZ4jdqS46Ym7u9xmSlJw2tjbsfxDoVmAEjA5hDmkZBHVexVlPDV00lPUxMlikGC14BC8d1NY6jRVT31MXy2CV2BncwE+Pkq2bXTXBCqNavH7rJ6K2wbwRn+kKpVzhJQFzSC1+MEK3U4xTxj+kLZ8PH1g0ZW7+xbrZ/Iw/hW0Vq284oofRbJWjMpRPMNef8AqOf8Lf0Qo68d/wBRz/hb+iFUOxhq/wCZk/Ef1WLms1UP3iT8R/VYuS8ibwkYQdynuEDEnkhPG2SooESac81gpIzLqSnA+y3KyZwnptvfX2oe/lG0N+a1PFRbylPbnUKLBenYijYvN+0+6mis/s0bsST5+S9Bvkre9Bds1oyfRfPWuLu67XuVwdmKM8LQvUZZJKjJguCvndxPihCFUo6DLsL6C/wzW4Chu1xc0Ze9sLD5AZK+fSMr687G7T+ydAW5pA7ycGZ3xVbYdRouakfaVl2ORyUVInZLAKoWazNO718VrtlRWTcLmxNyGn7R6N+eFzNG2uWjoZq2vbm417zNOfu+DR5AYXNvhku+uLbaQP3Kkb7XOz7zjnhBVyKGQTBCSag0TDY80IQmIWEJSSsijc+QhrGjJc44A+K8v1t2v2mxmSntYFfWtONvqD4rpGLk+CEssYq2eok4UXyxsaXPkY0D7xwvk+/drOqLscCs9mi6NhHCQPDKqVXfbnVEmorqmQncl0hJK7x139lSW5H6PthtXBJ9SeFx8A8LMHB27TkeK+GorpWxO4o6mZp8Q8qy6f7R9TWSQmmucz4yd2SHiH5olrsI7i+z6/fHG9zXyRhz2fUcebSpNC8h0T20UFzkhpr/AB+yVDzw+0Ddh9fBeuQSxzwtliex7HDLXNOQQuMsbj2WYZYyXBkSJRlIqB1HlfO3+IrVRqbhDYqOTMMIzMB1d4fBe7aiuH7LsddXE47iFzh5nC+K7nWy3CvnqqhxdLM8vcT5qzrxT5ZR28jj+KNNCEK+ZvYikBhTa0u2aCT0A6+S7dt0lqC5NLqKz1soAzkQux+ijQHEamd+q37jZbna9rjQVNN0zJGWhc7BBQAIQhD6A9o7BNcmhrP2BcZSKWcjuHOP1XeC+iQMEr4UpJ5KWqinicWyRuDmkdCF9n6IvI1Bpa3XEkcb4gH/AIgqGeCX5I1NXI5Kmd1NIIKrFwE0gmgAQhCABCEIATVJIp5UmxiATJwhIjKLAZ3WGspoaymlp6qNskMjS1zXDYhTU0Cas8K1JaKjSte6ime6W11D80kp34Tn6hKu0P8AAj/CFadS2Snv1onoqgY4xlj+rHdCFQLDVzObUUFe1zK+if3UgP2/Bw8QQtTx0oxsx92Duz0C2nNFF+FbPpzWrbf5OL0W0rk+ygnyeea0ihN+l70e/wALc/JChrFzn32Y8WPdb08kKhyWaOfWH95k/Ef1WAnKzVf81J+I/qseOS8qzbAIckdlIYON0kMWfdwkB7pPgm7kEmlMQitrRTAX1kx6vxlakx4YnO8AuroqMiy944Yc9xd8FueHjy5GbvPijido1y9gtlZIT9I9vAz4r59dl0jiTk55r0rtkuolr46KJ2Qz33eq81aVs5HbsowVISEIXIkb9hojcb1RUrecsrW/mvtygp2UlvpqaNoayGMMwOWwXyl2IWv9pdoNAXNLoYMyvPTblv6r60xgYVDZlzRp6cKVgkN8+QygrQ1BUCksVfOTgxwvIPwVZIuy6K/oYGtr73eHHi9pnMMW31WN2wFcFwtEUvselbdEW4Pd8bj4l25XdRLsIr7BACEA7JDDC0L3daOy2+SsuEzYoGDJLjz8h5rbnljghkmmeGRMaXOceQC+Vu1/Xsmqbwaek4mW2mJa1pP13D7RXfFi9zhnyqEbRs9pnajW6mmkpLa51LawSA1pw5/mfJeYuJcSXEk+JSBUlfjjUVSMqc5T7FhPCklhTOZHCMnqEIQIHL0Ps07Sq7TFaynrXuntTyA5jjks8wvPEiFCcVJcnSORxdo+5bNcqa726GtoZWywSjLXA/qt5fLXYvrx+mru2ir5Hut9S7B3+oT9oL6ka9r2hzCC0jII6hZ+WCizYw5VkVMofbbWex9nlwAOHzFsYXyUvrHt0pTVaBqy0ZMbmvx1O6+TXFWdboobn7ghCFaKZ9I/4VOzygvDJ9S3enZOynkEdNG4ZaXDm4g+C+qY2thYGRMZGwbBrGhoHyXyZ/hR1/SWWrqtOXWRkMNW8SU8rzgNfjBb6EL60BBAIIIO4I5IA0rvaLfeKSWludHDUU8g4XMewH+y+Q+3/shbo6b9r2Jrn2eV+HtAz3J9fBfZTd8qqdqkVNP2eX5lY0GL2ZxH4sbIA/PBATkwHEeBwkEAJfT/APh3qHS6FkjdyjqHBq+YF9Ydh9pfa9A0wmaWy1Lu+II6Hkqux+pc0+ZHoQG2EYRlGVQNQSaEIAEIyjKAEE9h5ISKADI6FGUkIAkhCEACCcIRnKAGvO+0ik/ZdwpNRU7MRNLYavHVh2B+GV6HnC0rzbo7vaqqgnH0c8ZYfI9D8CuuGbhK0cs2NTjTNa1lr6KIt3BbkHyW3jn6YVY7Pax8tmfQVJ/e7dIaeUZydvqn4j9FaFtqfurMGUfWVHnesI8XuTf7Lf0QjWjv+fS4H2W/ohVDocuq/mpfxH9VDOAslUMVMv4j+qwkryhuATlMKKkMeKQxFRKyELFUSxU8ZkmkDGAElx5JpNukKzXub+ChlOPeI4QfMq1WYGnsbHvxwtjySfRVGKiu+pWd3ZKMinBBdUT+40jyGMq21GjNRVdufSTXmCJj2hrhHH5ea9B46SxQfsZ21inkfB816nrDXX2sn4iWueS3PhlctexX3sPu0MLpaCsjrXjctxgryy8Weus1W+muVO+CZuxa4K6ssZdMqvFKC5RzyEwfRBCQKdkUrZ9D/wCGuzmO2XS6zMAdO4QxnyHNe2EKl9kFtda9AWqJ7QHSMMpx1zurrnKzMruVmzgjUCDtlWO0io7jSNZ/5CyP5uAVncFT+1Yf9IyeU8TvgHhRidpdFro2NjoIGMGA2No/JZUoDxU8bvvMafyUsKMuxxfAjySCkUdULngPo8x7eNSus2mG0MLw2orTw7Hk1fLh39V6X2/XB9XryaA7NpmBgbnYLzPK0cEaRj7Mm5UJCELuVyQQ5DWOkcGsGXEgADmSfBfS/ZL/AIe2V9vguutHzRMkaHx0TBg8PMFx9EAfNDWk8gT6BGF+hlo7NtI2qIR0ljpMeMjA4/NcXV3Ypo3UUD8W5tDUkbS0/u4PiR4IA+DcKOVf+1vs1uHZ5dWQTv8AaKCbJp5wMBwzyPgVQEuwJciCDgjqvrXsY1Ab9oekM0nHVU2YJM89uR+S+SV75/hgne6G9U+fo28Dh6lcNmNwLmpL8qPY9R0AuljraI8p4XRj1PJfFV3oZbdcaikmBD4nlhGPBfdAGF4J296IeHnUNvic5rtqlrRnB+8uGtKuGdtuDbtHg6EbjmhX0ZpOJ7o3BzCWuByCDggr2DQ3b7qfTdGyjrDHcaSPADZvrAeRXjrU0MD6ff8A4pQ6I8OnvpB1M3uleV9o3bJqTWkTqWeUUluPOnh24vUrzPCEAIphInCsOkNL12qLg2koIy8H678ZaweJKjKSirJRi5OkZNA6bm1PqOnoYge74g6V3RrNicr7Jo4GU1LDTxNAjiYGN+Awq3oDRlDo+1inph3lQ/eSZ3Nx8FacrPzZPZ0auvi9ESwkmkAuBaEhPCWECFlGUYRhACQmhACQhMIAQQpnHRRwgBIUsIwgBZRlBCOFSQVZSq+IWLXMNYBw0t1YIpfASjkfyVtO3/8AvPCr/aRSOqNMSzw7T0bm1EZ82nK6tBUtq7fTVLDls0YePiAVp6824mPt41GfBR9Xtze5Pwt/RCxa1P8Az+X8Lf0QpFc59SeKokOCPePP1WMjbKy1I/eJB/UVjPJeSN0iBk4QWhvJIrFVVMdLTPmlOGtGfVOMXJ0JsK2qbSw8bg57yeFkbebz4BWLSuhTXGO46mjDuboaHPuMz1d4lbegNLv7xl7u7AaiRodBE7/Kb0OPvea9AWjhxKKtjSshFE2JgaxgY0bBrcAD0CkQpEpLqSDGVWddaOt+rrXJT1jAKkDMM4HvNd0VmzhReeSlGTi7RCcFNUz4l1PYqzTl2nt9wjLZYnYzjZw8Qtew0RuV4o6RvOWVrfhndfSPb1pP9t6b/aVHEPbKIZdwj3ns6ryTsGtX7Q19TvezijpmmVwPj0/NXlkTjZmywuOSkfU1BTtpaOCnjADIo2xtA6ADC2sJAYT6KhJ2zVSpUIqt9oFMazSNxjYMvbH3jR5jdWLKx1MTZ6aaFwBEjC058xhNMGrRq2GqFZZqGdpyJIGOz8Fvrg6Ipaq36ehoa2MsfTvexhPVnFsu8lLsEqQyotHvhPKG/XCI9jl0fG/apM+fX14e85PfEfAKpq3dq9OaftAvLXNIzMXDPXKqS0sfRiZf2EhCF1ORdOxkULu0ywi6gOpTUtBaeRP2fzwv0Icd8DYDkF+YsMskErJYXlkjCHNc3OQQdl9Sdlv+I2kFBT23WMMjZ4/cFdENnDoXDocIA+llIqiwdrehp28UeoaTH9RwsVb2xaFpIXyPv9O/h+yzclAHN/xJ2mnuXZTdJp2NdJScMsbjzaeIBfChXvfbf25QavtEthsVK+CgfIDLM/60gHIDwC8D5pAC+g/8MdJJHbbvVvGI5HtjaPEjK+fY2F7g1oJJOMAL6/7JbAdPaJoqeUBtRKO/kb1HFyVfYlSouacblZc1jniZPDJDM1ropGlrmuGQQVkSKoW10akkmuT5x7WOyya3OkuenoHy0TjxOhaMuj//AAvHJI3xPLJWOY8cw4YK+8APFVy/aH07fsm4W2IyH7cfunPnhW8WelyUcmp7O0fGGcKQOV9Q1XYjpqVzjC+qhz0DsgfNY4OxHTkWM1FU8+ZXVbCOH+LM+YiujbLJcbpIGW+jnnJ5cLD+q+pLf2U6UopGSewune3/AFX5yrnQUVLQQiKjp4oGAYAjbjChLYX0ThqN9nz5ovsTr610dRqJwpoTv3Q+uR5+C940/YbdYKRtPaqdkEYGCQPed6ldUIVaeVyLmLDGAYRhPfwSyuZ3GmFHKecIADshaN0uHsMccrmOMRdwvc37A8VuRyMkax0ZDmPGQQglXFkisNUZW00hp2h0waS1p6lZ3KKBI07VXMuFMJWtLXDZ7DzafBbpaufSULKa4VFTAcMn5x42z4rocXkgJVfBHCMJ5RlBECEwEEpBAx4RlCjlAEsIwlnyQEwMFfC2ooqiF4DmyRuaQeuQqxoKTvNK0bc57ouh/wDicK3ndUTs6k/cLpADkQV0rQPDdXNTujN3jnatOL3L5hp/JCWrv+9yfhb+iFYKJyqz+Zk/EVhKnWk+0yZP2ikB9HleSbNwg5bGk7W2/wCpczMMlBby1z29HydAuVc5nwUbnQtLp3uEcYHMkr1XRNjFg09TUz/eqXt7yZxG5cfFXNbGrtke3R3xywBgBNIJq5Z1qhgIKMoygQsIwjKMoAhNEyaGSKQBzHtLXA9QvLOyLTIsOq9TsxwiKUMYCOh3C9WJWJlPEyeWZjGiWUgvcBu7HLKmp0qIuCbsyhAQHYQCoE2PCgRumSglMBgJpByA5ADwknnKWcIEz5r/AMRljdRakguUYJiq2Yzz94dPVeQr697XNMnU2kaiOBodWU/0sI8SOi+RqiF8Ez45Wlr2nDmnmD5q/hlaoydmDjKzChCF3KwJ79EkymAKKOqkgCJ5hMBSAyvTOy3sxq9TVEdZc2Op7UwhzuLZ0nkPJRnJJWdI43J0ja7FNAPvtybdbhGRbqd2WZ27xw5fBfTbQAMAYA2Hote30NPb6OKlo4mxQxNDWtaOg/utgLPyTcmauHD6IkjCXEhciwGE0IygAwlhHEEcQQAEclF2cqQOUc0mABNIFHEgiDngcyB6lRO6wXGlZXUroXuczPJzTghcy2V81LVm23I5cNoZTyeB4lB1UHJWjt4UsKOVLKCDVGOSNsjHMeA5rgQQVw7c99quBt85PcyHipiTyHgrAtS50UdfT93IPeaeJjhzBTR1jJJUzZBTChC3gja0uLnAAFx6lTQciWEFR4kcSAHsljwTyhAAEBLOEZwgBpHZLj8kcWeiAGmjKMoASoXZ0Pf1EzwuUm6vuVQ+zofvWpT43J6uanZnb/6o09W7XuX8Lf0QsesG95fJjnGGtH5IVqigcura01Eu32isBOG4Weq2nl/EVrSvbHBI95w1oyvJRXtKjbbo2NKUBvOtIo3YNPbmd9ID1cfqgr2AnJyqJ2S0Bi0664ytxNcJDJxHnwD6vwV6C04xUVSHFXyMISTUiYIQhAAhCEAGUZSyjKAGUkBNAEEIQpDBCEIAYKkCohSCAE4ZwvBO3Hs7kE777Z4S5jjmoiY3kepC974kSND2lrmhzSMEHqpwm4OzllxLIqZ8IOYWuIIwQlhfT2tuyC13qaast0vsNW/fDR7hP9l5ncexbU0Lv3cQVIPIsdglXoZU1Zlz1pRfCPLcJHZX13ZLrBriP2YT6PBW/Q9i+q6l2JoIafze/IUvliQ+Gf8ADzJb1ptdbdqttNQ08k0zuQYMr3bTXYVBC5sl9ru8xzhhG3zXrNg09a7FTthtlJFEGjHFw+8fUrnPOl0d8erKX7HlvZz2OwUIir9SDvagEPZAPqj8X+y9lp4Y6eFkULAyNgw1rdgAp4TVSWRyZoY8UYKkhFIFCMLn7HQipDmop5QMmTskohMJNALdJTBHJBGyYCCagpZSaAaSSEhB1WvcaCGvpjFMPNrhzafELYTAQTjJxZz7e6piL6SrzIWjLJ8fWHTK6WUjukUBLl2SCZCgEyT1TECRUUJgNNqihAGQ7hIO3SamgBOQTsooQAIQhAhp5SQgCQVE7Ogf+eyEbSXGUg+O+Fd6mZlPR1E0hwyONzz8AVUezlhbpanldnine+UkjHNxIV3TXNmbvy4o42rTi9y+YB/JCjrA4vsw8AB+SFZ9kVKObVfzMv4iuPqB7nW0wN2fUSNiHnk4wuxVfzUv4itKniZX6ssNE4BzTOZnjyavK4FczXZ6/aKJlvtdJRxgBsETWbeQW7hDiC8lSWkdFwiOEYUkJkqI4RhSUSUCDCMJoQAsIwpoQMhhCeUIEQQpoTGQQpoQBDClxJoQBEc1NJCAByQTSKORNAfU/NMBBGUwmHqhEKIUilhJ8gNQU0FAxITQkIhwnwSwsnEo8SYwATCA5SCAEjomhAGPhKOEqaEAQwjCmhAEcFSwnhCAIIypIQAkJoRQyGEYU0IAhhGFNCAIYRhTQgCGEYU0IAhhGFNCAI4KSmDlInCBFe1/VOpdJ15jOJpWdzH+J2yzWWjbQWiipRzihY0+uAuXq137Q1BZ7SN+B/tUzfID3fzVjwtPUjUbMfbmpSoo2pzw3iYeQ/RCxauZ/wA6k/C39EKJx9jk1Lv3mX8RWXRcZm7QYnn/AOnpHOB/FssFV/My/iK3+zQces7w525jpYwPiV5/V7Naz1EcwpjkkOakr5YXQYRhGUZSAEsITygASwnlGUACEZRlABhGEZRlACQhCYDwjCSEACEsBGAgBoTwhAEcIAS71gk7suaJPu5GcKeUDaaQJ5QllDIhnKiFz7tRzVMbX005hmjOWkdfIrWobu5s/st0Z3FTnhaSfdcPHKV2dFjbXB2kykDlNMg00zBVxvmppI4pDG4jZw6Fcm2XWVk/sN1Ajqhsx/ISBd3C1bhQU9dEWVEYJ6O6gpE4V9mxhGFo2yOppwYal4kjbjgl6keBC30yL7HhGEso4kCHhJR+KkgAQlgIwEANCAEIAEJ5RlACQmjKAEhCEDHzRySQgVghCEBYIQhAWCEIQFghCEBYKMr2xxPkkcGsYC5xPQAc1JU/tKuEsVnbbqJ+Kqvd3A/pbj3nfAZU8cHOVI55JqEW2YNG/wDNLhcb+9m1U/u4XeMbdh8zurWThaFgpY6Gz0tNE0NZEwMAHkFuu3K2IwUI0jAyT95WUHV8fHfJTxY91o/JCyauZ/zqT8Lf0QuPqM41WP3mX8RWz2aOxrm9x8WOOmiOPIZWvVfzMv4inombuO0hgece10ZYPMtP+y85qcOjaqj107OwmSUwMjKSulhdAhPCMJCIo3UsIxsgBIyhCABBT5I5pgLKMpoQBBSHJRU2pjEjKaSiwDKEIQIlhRKMlBQBx71an1L21dHIY66MbOHJw8ClZL0Kt5pqxhhrGbODvtei7IXJu9qjrwHRkRVbd45c4IKG6LWOUZL1Z2EYVetF2kjqRQ3XEdQPda87NeB4KwouzhODgwwtG5UENwgMVUziHQ9Qt5RICdDhNxZXG1NZYpAyv4paInDJW82eqsMUzJY2yRODmOGQQiSJsrCyQAsIwQeqUMTIYxHG0NYOQCRKclLkyZRlRUkzkLKWdlPCjhFibIZRlSKSYxZTT4fJPAQAslGVPCEAYspgpkboCGA8oyVLCMKPIET5KIyshUQnYCwjCkhFgRCZOE0IAWUZTQmBBClgJ4CAIhyA5PA6FPhQBBPqjqhAGOrqY6SnknnIbDG0veT0AXmFPNNebvLeKppbFuykjJ3bH97yJR2gX596qJbZbZAbdAQamVvKR2R7gXRjaBBHwjHuj9AtHx8FK2zJ38rX4ot9uOKKP0WyVpW6eI0cY4wHAb5W26RgaTxDbxWjONmamefa0ld+3pd/st/RCyanqWG8zcJyMDf4IVSzvRyqv+Zl/EVzamQ0F6s9zA2p6gNef6XbLoT/AMxIT94rRutOa23z07dnObsfNeVxTcZo22e3xuD2gtOQQCPipYVZ7PbuLtpWjlcfp4gYZR4Fu39lZc5WmdYu0MJFIdVIpDI5RlGE8IEJGE8oykAsoGeqMIcEwJZRhRwjKAGdkgmhAAhCEARyjCeEZSAQCZCAVInKYESD0SzhSzhIjfKTQ06NS4UUFdDwTsBI3a7q0rPTMMUDY+Iu4RjJ5lZMKQQkScm+yJQg80IIBlGUYRhMQ0sppYQMZQhCAI8SklhNMZFGSlk9EZPVAEyouIY0ue4NYObjyCJHsijc+VwaxrS5zj0AXg+sNX12qKiaClqn01oa7hDWH3pgOp8lOEHJkW/4eh33tJsNqqH08cktbOz6zadvEB5ZXBPa9GOVjrD6kBec08LKdnBCOEeI5n1WUKytdEfyZ6rbO1ayVGBXRVNC/wAJGcQHxCu9vuVHc4Gz2+piqIiMhzHZXzk5odz3HUHkUqSSrtc/tVlqJKSdu+GnLD8EPXX0SXsuz6YQvO9Gdo9PcXsoL40UdxADWuOzJT/ZehtIcMg7KrKLi+R2GEyjKWVAACaQynv1QAIQhAECSUZOFLCDgBMZFHE5GfIJ5yQMDJPIIAYOVQ+0LUskZNltUjhVyD6eZm4hHr95bmuNWi1/8ttRbLd5W7dRAPvOVEpKdtMx3eSOlnkdxyyvOS9x5n08FxzZPRHNyd0iApGNovZo3Oa3qepPUlbNLeK6layKppDO0bB8R3+S6FvtVTXPHdM4Yz9tysdt0syKTjq5Q8j6ob0XHB5R6/RynqrNyysU+o2Pk4YqWr737jWZXTjmulbwilopmk/alPC0equkNHT04Hs8LGEciAsuF0n5+bVJCh4uN2VKLSkkreO4HvagnJLTgDyQrgG7IVH/AJXL/S3/AIGP+HldWPp5MfeK19wdltVI+kf+I/qtc7dFFOnZxNzRF0/YWqZKGpdwUFwPFG7kGzAbjyyvWBsvELpRC4UZi4jHK08Ucg5tcORVy0BrI1gbaL6e5usQ4QSfdlHiCtPFk9oijKnRfk0kyuh2BHRJCAHhGEIQAYQUlEkoESQkEZQBLCMKOUZRYEsIwkEZygY8Iwo5I5KQQAYSTSO6ADmmUuSZQAI5KPJHNAhoQSUIAEHZLkgoAaYSCW6AJc0clHkhADQo5TBTGNCWUJWI887Y7u+nsUFuge5k1a73g0792OfwXlUbAyNrWgBo5ADorh2tuL9a0zTybSjHxKqRV/BFJCQBNRQu5KySipJZQIw1NNFUx8Ezcjx6hXDRGvamxyQ269udUW04DKnOTFvyd5KrLHJGJGlrgC08wVznjUkJn0pBLHLEyWF4kjeOJr27gjxWUBeQdkepZKGuOnq+U907L6N7jn1Znx5bL18rPnBwfI0PZCihRGSQkCkUAPKZUQsFZVxUdO+epmZFEzcuecAIE3RldueYHqVTdX6tfRzfsmwxGru8gweH6sPmT4rTrb1ddV1DqPTAfTUGT39xkGCR4MHPdWLT2naKyU3BTt7yVxLpJpBl8hPUlVs2zHGq+wUXPopdi0fWtLpax3FVSnimqJN3PcrpRWKhp42h8DXuHMldbGEgsfJnlkfZ3jhSdkWRiNgawBrR0ATDfNZOigAuDbfZ3SSAhACApY8EiYYQmhMR5RUnNRIP6j+qwu2GVmqSPapfxLC45Oyv2ZhEZWCsooKxo71pEjfqyNOHNPiCurSWyrq/4MLiPFWm16VhjZxV3E6Y8w12yFm9HYLG2zgWHWtxtfBS36nfVU42FXC3PCOhcAvRbfcKS4wCainZNGerTuPVa8NFTwDEUTG+Gy41w0hQVFQaqjfPb6xxy6Wmdw8R8SFZxb0Xwzp6SRa0icKkyWzVlO3FJe4Z2dDURZcVjMeunYaK21DPjGT/AHVlbGN9MT9v4XrKaoptmtJvcmvdHGf/ABxcljdpG7VZDbpqetlj6thbwZ+KP8jGu2OpMutRX0dNGX1NVDCBz43gYVcrteWGncY4aiSrm6Mp4y/PxCwUegrFE8Onhlq3jrUSufn5qxUlvoqFgbR0kEQHRrAuE96C4QfHIq51NqG6OEdksskDP9ascWgegWvWad1DVQmsrtROirI/ejETcRMHmPBXc7qo6tkqbxdaTS9vc5oqwX1so2McIxkeRKWvmlnyVEhmaxR9pM09MdooqY447/TSUg4+6ZWcP0MpG2Qemfkr/DLHNG2SGRsjDuHNOQVn/YlvdZmWmWlikt7WBgic3OwVPqdB11llNTou4ywO5+xTu4oj5DwW7k0pJWjJh5WDdFtBQqZBrYW6UUuraOS11QODJguif6HCtdFW01bC2WkmjmiduHMdlU5RcXTNTHkjkjcTYTCiThMFROg0IRlAwQkSgFADwjCWUZQAyEEKJOEE5QIaFFCAJowllGUDHhCjlSygAwjCRKAUAGE8KOUZQI8c7YoHQavt85dls9Nwg46g5wqcV672uWh9y02KiAZnoX9+AOZaOY+S8eilEsYkZuwjYq/h6I2TT2UQUyu5IaiQmmgYkBMciolAGKfvWOhnpsiogkErCPEL6E0leY79YqaujxxPaA8eDuv5rwBeidiVU5r7tQPJ4GlsrG+GVW2IJqyPTPU0IJwlJIGsLjgAdTsFS/8AwbdDCMjfJxgZz0wq1Waut7KoUduD7jXH/KpxkNPm7lzWT/hu737jOoK72aidjFJSu94jwc9d4YJyVlTLu4sfbNa/awgpJTS2mM3G5Zw2KHcNPi48guLS6Tr9QVEddrCqc8MPEygiOI2fi+8s+mrXDpHVldYYWNbSVAFRSvcfeI5OBPNXYbLJ3s8sM/Qs67WZKf0Yoo2RMbHExkcbRwtawYACydCnhCx5NydsvpJdEUz9XKeEHlhRGIbp7dUuSfRABhIKQ3CWEASGMIUeFyEw9mUOHTNbVzSyPxAzjIy/mrDbtN0NG4uLe9cRg8S7s4xIVFi6ObZxjjSIMjZG0NjaGgdApqRUMqDb+zqS5pJhMnCiux2RScB0CaCpWRoiEBSH1cobzwlyHQBBTQMZGUqHZpXSuhttvqKyqOIYWFzj8Nh8Vrdmlongo6i83QH9pXI94QecUX2WZ9N1o32MXvUlvsGHGnb+91gH3ARwNJ8XHIwvQm4AAAwByC9b4PU9Y/Izy/mtzl44sXVNJGV6VqzzdmtcKKmuFM6nrYI54Xc2vblU6r7O4KaoNVpe4T2ebrG08UT/AFbyV6QFynhjJcnfFtZcf6s85dWausjR+1rbHdYBt31E4cR8y0rdt2r7VVnu5ZJKOcc46phjI+JV5AWjcbZRXGN0dbSQzMdzDmqlk0V2jUw+WmnUzUjkjmYHRSMe3xachSAXAf2e0cEjn2Svr7Y5xyRFJxNz6Fas9p1vbZf3CtoLtC0bNnb3byPXkSqctOaNOHk8cy04TAVMl1jWWsNGo7BcKLH1pYR3zPhjdb9u1vpy4NPs91gDwccE2Y3fmuDxSRchnhPlMsbgolY4p4qhofTyxysPJzHZysqgdbBCEKIAhCEACEIQAISyjKAGhCEALCCEZRlAEZI2yscx4Ba4EELwDV9mdpnUktK7It9STJSnGw8Wnz3X0CuDrPTlNqazy0dQOGQAuikHNr+i7Y8jTIvh2eFIWKpjrLVcJbXdoTFWxOIG20g8Wnr0UgtBSTGmiSaiCmmMM4RlYJqqGHIlkAI6A5PyW5abXeLy4C0WerqgSBxuYWMHxKai2c55ow7ZhVq7LbpRWzUVzdcKiOmYKdu7zzOei6Vr7Ir7UvDr3Xw0EON2Q++8DwyNledOdmGm7LN35pjXVPWWp94n4dE3g91TKGfyWOPRzna1luTvZtM2ipuExyO+e3u4x4HJCz0+ibventn1bdy6nB4hRUYLGD1dzIV/iY2GMRxNaxg5BowsoXTFqwj2Y+fyc5OonMs9jttlhEVrpI6Zg2ywe8fU9V0MLJhLCuKKXRmTnKbtlH7SqMxQ229wg99bpwXlvMxu2cF14ntkY17DljmhzT45XTvlCy5WesopACyeJzCqdoWrdUaeihmJ9opHGmlB8Wnn8sLynntdX8i7PU+Ez2vjkWHCaEYXmT0TYgEEpkJBqAAA9QgqQQmBEJDPVSAQAgCeUIQgBTjMhWNZZv4jvVQSIoWFFyyYUSgkIJlATTAGhMhAKD6JgRO2yA3cJ43BUilQqFhYauWOmppaiZwbFE0ucT0ACzqs6t4rpVUGn4XHNY/jnLc5bC078uWdgrGrieXIolfZzfFByN7s4t73UVXe6sO9pukhlZk/ViGeAfqrgCiKJkEMcMTQ2NjQ1rR0AQvoeDGseNRR4TZyfLkciaEIXYrghCEACRTSKABAQhAra6JHBYWkZaeYPIrjXLTVkubeGvtlNN5lgB/RdkdVEFQeOLJRyzj0ykzdmdgD+OgFXQP6dxOQB8OSxHR18pN7ZqmpDRyZUMDx81fcKLjjBPLqfALlLWgy1DyGaH2edvp9c2+OaSRttroYm8Wc8BIH6lcuz64u1bQR1btNVMkDyQ10Dw7OPAK72G/N1HUXJlPTvFBCTAypPKZ24dw+m4VUotO60srHUNrqLY63te50TpAQ4NJzg4VTNqKvxRqavkn/AO7GdeQwtc6ts91pw0ZcXQ5A9StWk7VdNVW8ctSR4iAn9F2GaJud131TfZamE86amAjj9CrZa7Fa7VSMpqGgpoomAAARgk+pK5x0r7O2Xy0YOkUgdo+lw4NkuTYnHpIxzT+i3o9a6bkblt3pj8VudoGkaS/2OVsNLTiuhcJoHcAyXN3xy8lWqOt0rUULH3O3UdNXMHDNTywcLmv5YGBnGQVxza3p0WNbe+ZWWOLU9jlzwXWkOOf0gW3DdLfM7EVbTu8MPCo0tiptQuNPYbDR0NJuDXVDMHP9LeZXYtHZFpehp42VEM9XOPryulLeI+gShrSmh5t+OJ02Wps9OfqzxH0eFLiZ99nzVR1D2T2mron/ALFqKq3VY/hubK4tz4EZ5Kr2nSVpdWm1X6a50VzjGwNU7hl/qaeqjk1JQVseHfjl6Z6r3sY5yMH/AO4LC+tpG44qmAZ8XheYaz0BbLdaWPo6y4irqJ2QRPfUEjLjzwu7T9jFjbSsbV1twmqQ0cUnfn63oiGrKatCzb0cL9ZFrlvdpibxOuVKG+Pet/3XOm1pp6LP/NKd2OjTk/ktKz9k9jp6p9RceG4uAxGyRuAz1HVW6j01ZaP+VtdFH6QhWYaUvsrT8vCKs831XctLanpe6lpq2pmA+impqdxcz0OFRbXo3VVWS2K1zGDP0ckuGlw819KshjY0NjijY3wa0ALQvl9pLMWMqOKSd/1IYxxPPwVhayguSr/ys5y/BHjVB2T6jqpP3qeloYjzH1nK2UPZDYaOHvrxV1FVwDL3ufwMb8l15tdPL/3bT9xmz4swtGU3fVz2R3SjktlphyZabj9+pdzGT0b+qftjjHkcc2zmlRqWs6eoZ+PS+l/bmsOBVcA4XejiuzB2gUVPPHTXq3Vdp4jhr5I8xj1cNgu3TxRwQsigYyOJgw1rWgAKFXSQVkLoaqJksTgWuY8ZBCqx3alRayeOnONuR3I5Y5o2yQSMkicMtc05BCa80omS6BubXsldJpmpkDDE73vZHnzOcNJ+S9LaQ5oc05YRlp8QtLFkjkVowc+CWF+shhNIJrscASKZSQKwcVQqeldZ9fXSmaAKS4xCpYzweNnfmr6VStauNNqfTlQB/EkfTuPiCNvzWV5fF74Gafisrjm5O03YYTSATyvCNcntu1YITSSJCSJwnhGMoGRzlNPhAUgAeiABCaEAErj3js+KipSj6QqKQhIIygBB2TGLG4CZCWd0weSAGg7Jko5hFgLKRTwmmJuheJPIDJK4WgoDcbxdNQSMAjkPstMSN+Bh3PxO6WtbhLRWUw0gLqyse2mhAP2nbZ+AyVarHborTaaWhgaAyGMNJ8T1PzXo/Ba1yeR9HnvNbCivRG+hIoC9ajyhLCMIyllAwQhCABCEIASEk0CGVxb5f4bFUUn7QjdHR1Dgz2rPuRuPIO8F21qXChguNFNSVkbZaeZpY9jgDkf2KGxo2WPbIwOYQ5pGQRyKpmrpbhfbgzT9qLoICA6uqcH3WH7DfEnkfBaej66q0zeP+Fry5zqY5dbKp3+Yz7hPiFf853PPxUU7G1RrWuigt1BDR0kbY4ImhrWtGPitnhyUZQPUDxyU6INnF1XdzaKGMU4D62pkENOw9XHr6Dmt+sr4bbbzVXKaOFkbcyOOwB8B581VaCaO932tvlSR+zrW18dM48i7HvSDotCmppdXVYu134/2axxFFSH6paOT3jqT4KvmzLH2XNfVed0dU67oqkSG30FfVRtGRI2PhDvQlVw3ms1xM42elbbKSJ5ZPWTRAyvcDu1n+6sOqKesqbFJRWrhhklIjLxt3bDs4jzwt22UEFst9PRUrcRQt4fU9Ss7Jt+y4N3B45Y/s4sGjqBjOJ9TWyVHPvXTHIPpyWW119fp+6QUV2rTWW6qdwQVDx70bujXFWDC0rxborpbpaWY8PHu14G7CORC54dpqXJ12vHxnBuK5LKRnC5mobFb79SiG4Qhxb/DlaeF8Z8QRyVUjvOq7HGWXCggutJGM97C7Epb48PVW6w3mkvluZV0TncJ917HjDmO6tIWupwzR4PPTx5dZ2Vuk0f7Bc6auu13kq6Sgy6GGfYMJHNx6nZXPLXtDmniB34hyKhX0sNfRT0tQ3ihlaWuCqOha+enrK7Tdwe909vOaeR/OWE7g/BTUVBUjjPJLK7Z2aq4TQapoKJ7gKSeB5xj7QP+y7hCp2uHigumnbm44jiq+5lPk/YfnhW90oY1zn7Ma0uJ8MKXtSs5tGtc6+ntlG+pq5AyJnPxPoFUtNQ1FTLVXi5xkVNW8mJrxh0cfIDyysNn7zUNRJeLiSYS9wpKfPusaCQHEeJVjWVtbFukeh8bouK92G/Qo9eXUJoWd7Nm4oRXQk0IURmvcKSKvoaijqG8UU7Cxw/QrX7N6qabTTaeq/jUcr6fc5JaDt+S33HhBd0bufRc7s5Y59prKpwwKmrke3wxlamjJtmD5iEeGWpAST5LWPPkikjKW3iggBVO7Uh3Vko6wbGlrIpM+Azgq54Vd17Te06OurOoi4x6gghVtyCniaLWnL1yozRnLAfEZTK07JL39loZc54omn8luOC+dzVSaPfY3cUyXTCWEYTXM6iQhCBggckICBMeEKWChACl2kd6qCySj6QqPNIREFPCCEwRw4KAIJ4TTwgCJQRgbKRG2UHcIGLCMJLBc61lutlXVyHhZDEXk+OOnzwumKLnJRRznKlZxKJjb1r0vDOKmtDDk9O+cOfwGFegVV+zuilptOR1FT/M1rjUynxLjkfkrOve+PwLDhSPDeRzfLlZNCELQKIFRHoU1LKYrIYTwjKMoD2QYSxnxTyjKAtEVJCEANCEJAnRyNT2Kn1Ba3Us+WStPHBO360LxycP7+S5mlb7UyzSWW/BsV7pRuAMNnZ0e3+4VqKrOsdOOvVPDUUEvs14pHd5SzjxG5aevCQOSS4HfsWMFVnUtdNV1MditvF7VUDM0zRtBF1OfEjotnSWoBfLe4TMENypz3dVA7YseP7HYhd0Na2V0jWtD3fWONynYUVDX1Iy0dmN0p7ezhZFThu3LHEM/HGVuWdjRaaEMxwiBmAOmy6WpaB100/caFn154HtaPPGf7BV7RVUKvTdHnIlib3MjTza5uxCy99fZv8AhmldnbCEBCykegJJJJoAiQuFo409v1bqSmmqGRSVUsc0MLzs4Fu5HnkLvrlXuyUF3Y0VsAc9v1JGnD2+hVvVzOEuShv63zQ/EtoVN19Sut7qDU9KxxqLY7EzW/agcdx8M5+Cy6IlraS5V9jrKg1UVKxk8E7z7/duJ913mMK11ETJoZIpmNfHIC1zXdQVtKXurR5OUJY5esjkXajodU6f7lzuOkqQ2RkjPIgghGonupdK1/CS4x05bknc4HNaGirRWaeiuFsmcJbbHOXULuRDXblu/grBW0wqqGpgccd5G5o9cIl+pKH7Jlf09EyKwW9kbcDuWn8sroLi6Pn7+wQNcfpIXOgePAtOMfLC60MrJmkscDg4ODnB8F56X7Htdd3BEwcJk4SwjCg2jqPKXF5H4Izhcu9Xhlu4aeCN1RcZhiGnbzJ8Seg8SnFezpEJzUFbNDWVcW0rbbTzCOpqP4jh/lRDdzj8F0NCQTPpzWGR7KNzRHS0/RsQ2Bx4uI3Vdo7JJU3sWuolFRcZeGous43DWZy2FvgNt/FemtjEbGtYAGtAaGjkAFta2H0VnlvI7HyyoMIwmUK8ZVsSMlPJRkoHYwuZqZrpdN3RjRuad4/JdNq07w3itFa3lxQvH/2lc8yuDOmF1NMrGin95pa2vIwe5aD8F21w9Eb6Ttu2MR4/Nd0jC+c7HGRn0DA/wTDmgKIQuB1sZ2SIymdyFIBAWQTATIwkAgdksoSQgXsiU38QqAOAskv8QrGkCFlCeNkIGHJLO6kSlhOgDOyjlTxso4QwBVvVEbrvcbdp+P3o6l/fVJaeUTPE+fJWN5DGlzjho5lcLQTHXW7XfUMpBhnf7NSAf6bD+hOVq+K1vlypsy/KZ3iwui6RxtjjZGwcLGANaPADkpYUkL3UVSo8TduxIQhMBITSwmKgQmhAUJCMIQKgQhCAoaEISAEFCMoGkU7V1LPZ6v8A4mtUHezxgMrIGj+PF4+o5hWS0XClu1vgraKQSQTNDmn+xW4QHNIcAQdiCQvL7lDdbLqwWTTUkfst3Y6ZwcMikOwc5o6A/qkdErLhedV2621TaQOkqq4nAp6ZvG4euOS8/t96rLJrasbcLPU2+z3J4ex8+4ZJjffplek2Gw0Gn6TFJG0yYLp6g7ySbbklV+t1JLeRVUdt09PcaPBY+SY8DH+PD1Pqq2fGskaZc08/wzR3wQQCORRhUjsylrZ6CudPxR0DZyylp5TxSQ45tJ6gdFdwVhuLi6PW45qcfZBhACMIwkdBnZRwDzGUyN1CWVsMb3v2jY0ucfABFNsjJpKzgaQldU9oOp5R7zKeKGAnzAJV5zlUnsppi60V9zd/EudW+oJ+83PC38grtheh141BHi9ySlmbQzkphATXZq0VfajziaZumtdz0lTmOguoE8Ejvq97yLc9CU9GD2K5X63vJzFVd43J2w4Z2Vx1DZaG/W99HcoRLE7cH7TD4g9CvP3UNx0lqqlrblcBVWupYKQzFvC5hG7eI9fDPisjZ1pKXtE9J47djKKiy9A5TXMvN5orPRierlHvYEcbPedIfIBVEa2vMF6mjq7BMy3wsbJPI0hz4mu5OcP1wqXwyl9GtLPGL5Zf3uYxpfLIyNjRkuccBeX6Fq/252g3K11NSXezcck1Qx3vTjOGsaRyAHPCtjBHqDVdNSyPE1nhpfantB2mc76ufHZdCr0TRR6jt15s7GUFVTHEgiHC2Zh5ghX9XWp2ZHkt2Lj6xJVOgrRJVy1UDqqmqZccckUzgXY5Z33W5aLLdLbXMeLzPV0OCDDUDid5EO5qwgJrUSo877N9iSQhSECEBNAANsrWuBzQVPlE8/8A2lbIWneniGyXB7uQgf8A/wBSoZf0ZPF+6KtoP/0nQfhP6lWA7qv6B/8AR9s/9vP5qwL5vs/7Ge9wf60RAQApIXE7CwjKaWEDDGQjkExsEc0ASACEsITEOTd7lixhZZj9IQoHcKI0RCWFJow4KRGEDsx4T3HJSCeUxWROUBqkEFMRW9eV76GwvigP7zVuFPEOuXHGytVkoI7XaaSihaAyKNo+PX81UXxtvvaBTUh96ltMftEng6Q7N+W6vjhuvaeF1lHF7vs8n5jYcp+i6BCOiFuGIPKhNKyJodI4NBcG7+JUlXO0B0kWlauphbxPpntlxnGzTufkgdlkQsFDUR1dFT1EDuKOWNrmnyws5QAIRhACAsEYTwkdkACEIQAsLTut0o7TSmor5hFGOW2S70C3Vqz0dPUzxy1MLJXsOW8YzhAFT/4lvd5Ii05aDFG7c1VZ7jfUDmsp05qGodxV2p5InH60dNEGt+BO6uIAA2AAHIDkEicoBuimP0EJzxVd/u0zvDveEfkutp7StusU81RTd9LVSjhdNUSd44DwBPJd/OFEqND9gIWN8sdJSySOAZHGwvOBtsMqcsjIo3SSuDGNGS52wA81xbVf6G+1tTS0DZKiljbh8/CRG48sA9UnGySfNnnWi9Vyvtc7qG11tZLU1MkzgyPDW5dtgnGdt1dLDe6e7iZjGSQVcBxNTzDhew/3VogiipomxQRtjibs1rRgALz3VlfV2rX0ctBaqqt9ooRG407di7JwCemyzc+o+0b+n5BNqD4Rb0Lye4XDtNguM1wZZ2GiPvCkDwSG+o3XY05rS83SiZUSaaqSzJa4wyBzmkdC07gqm9eaNaO1if2egKq64rZpIoLFQDNfcXCPA+xHn3nH4fqskt4vtSzurXp+qjqHkND6o8DG56nxXX0hpk2Z0tfcZxW3moJMtQRsz+lg6ALrh1pOVspbu7CMGonbtFBDa7bTUVMwNhgYGN9B/wDndbakDlJbUFSo8pKTcrYZRlGEYUhCIWpdLbSXWifSXGBk9NJ9Zrh+a3CEYSatHSEvR2jzrT+l7ZH2gVctJTPENuhbHGJZC8cbhkkZ8BsFfIaGCOrqqkM+kqWhsvg4BcTTgxqPU7T9YVDHfDgCsbTuoLHEnk2Jt3ZS9CaZnsF91C6TJo5nsNICc8LDklo9CrnnHUfNKpmjgh7yZ4YwdSuVf7XJc4IDS1T6WpgkEkcjdwfEEeBCmopdHKUnLlnYBTSZngbxY4sbkcj6JoIkUIQmA0ITwgYguRrGQRaTu7j0pn/ouvyVS7Uqn2bQl1/8jBGPUuAC5Z5esGzpg5yIx6GjMekbU13PuRld3C07JD7PZaGEjDmQtDvkt0DK+c5+ZtnvcPEEiICkhC5HUSFJJACQmhBIYGyFIbhCQiNQMzEqIGylKPpCokJPsEI80ykAgjwQNsMownhLKkRGsdVK2npZp5MCOJjnuJOOQysoVb17M/8AZEdtgP7zcpWwMHXhzlx+S7a2P5MiRyzZPjg2bXZxQvZbKi71O9VdZO/eT0aNmj0AVuWtb6ZtJRw08YwyKNsY+AwthfRMGNY8aijwezleSbkxJpoK7HAAtarpmVdLNTygGOVhY4HqCtgJqMhp0VDs1qHts9Rap3F09sndA4nnwZy0+mFb1ULhH+xNZQXIDFLc2inn8BIPquKtwORlJMH/AEe/UJO4uiYQpCRH1QpITGIITQkBFAUghMEJqCmgoERyh52zzPQeKlhIBIZUZ7HcdQVPHf6juLe05bRQnd48XnqrLSUsNHAyCliZDCwYaxgwAtnO6ZAQOzSr66moIBLUycIe4Mjbj3nuPTHNbQ3a0+IyuHQ2aSW8zXS6yieZruGmjH1YWDqB97zXdTqw9muhAYcCqfYYTBr+/wDsZa2idFG6VoGMynOcKz3O4UtropKuvmZDBGMlzjzPguJoaCV9HWXGZhjdcJzO1h6N6KPojp8kkizcZIwScjxSAx8TlGE0UiMpOXYIQjCZAEJoQKyOUBNCYexW73p+onubbnZaz2O58HDKS3LJ2jo4eKwWK83RmoDZr9FTiodB38M0GeF4BwQc8la3HCp+t82y42S+hv0dJKYJyOkUm2T8SEiXZZrxRC5Wyoo3uLWysLc+B6FaWmPbmWaGG6xltVBmIu++BsD8sLrtOWtcMcLhkEdfNInKYPgeNk8oylg9CkIMoymhMQIBymMHkhACcFQe1UOrf2FZoj79bWNc8dOBhySfkr844Xnpk/bHadUStcHw2WnDB4GR3P5Kj5HJ8eBsvaGP3yotzW4GPAAKQCbSTzKa+fSk5SbPcRVIXCEAJoUSREqICyOCiDhMCOE0ZUgEAIDZClhCQwmH0pUXclOXeQrGRlIQ0BCaAInZLCZTwpARwq5TNNz7Q2uc0mmtUGOI8u8f4eeFZJniKGSV3JjS4+gXM0BC91kdcJhiavldUHyBPuj5La8Lh98vt/DH8pm9MfqWRAUkL2p5AEFCCgQIQhJgcrU1sN3stRSMcWSkcUbxza8btPzCjpa5G6WeGWbapj+inb4SN5rsBU+Tg0/rASfUt92aGE/ZbMOR8shIkuqLcUwlwo5KaRGqGhCEACEISGRRk+KkhMQAJEpgpOQDEhNCABBTQkAkBHJG/RMFyyn0tFT6g1Rc57mPaIrdKIaaF31GnGeIjqVbWnCq+gXGaC81BbgTXGQjfnjZWrhSJzAoUsJYTIWNLITRwpC7AnCCnhCBEcoyhGEwI4yte50UVyttVQ1IzDURmN2d8Z6/DotpPmgnGRU+z25zS0dTaLjxC42t/cScXN7APdePIhWsnCpmsqKe0XKn1PbWOklp8MrIWjPfReOOpCtFtr6e5UMFZRyCSCZoe1w8PA/7IJtWbiEgmkQBCEFMQt/BLJQjk0noOaBp26ObqW5x2axVlxl4cQRlwaebnHYAfEqu6BtktvsBqK4fv9wf7TMfxbgfALQuUp1pqJtvphmx22QSTzfZnm5ho8QOfxV2LRgAbNAwAvLeb21fxpnpfEavqveX2JoG2U37HCQTK8vR6ASSkgjZAxITSQAsIA3UsIwgZIIRhCACXaQrGRhZJdpCsZdhBECn0SP5ppEiLuYUglnJCfNS/wChM4Otpi2wy00e81Y5tOxo6lxA/TKs9FTtpKKCmjADIY2sAHkMKpVcgrtfWmjaeKKkhfUyg8gTs3PmOauYOV7PwmD48V/08p5fL7T9f4LfwRv4JoW5RihlGUZRlMg0PKMoyjKQxhcjU9pjvdpmonnhkcOKJ+PqPG4d5YK64SIygaZW9FXyW50UlJcMsulCe6qGEYJI2DvjhWRU7WFHPa6+PUlqje+SEcFZE0/xYsc/MhWm3VkFwooaukkElPK0OY4dQf8AZFkjPlAOUHZCYhcSaSfEkIWUIyjiTAM4RlBOUIExoQhAAjKEsoD7GuVqm6Cz2GsrTkuYwtjb4vOwXWyqXdv+pNZQ2oEm32oNqqrPKSU/UYT5YJKBpc2dnRtuNt03RU7wBMW95Jj77tz+q7Z2URy2QgcuRlyC5IoKCIKQOyiCE8oGhZRlCMoEx5RlLKeUERICMoygENzWu2cAQdiCqPX0ldo+tfW2iJ1VZpTxVFIDl0J6uZ5eSvGVAtDjuMjwKVHRSNGzXihvFI2ot1RHOxw5NO7T4EdF0A/yVNvmiYqquNwslZLaLkdy+n2Y8/1N5JRM1vRcMb2225MHN5dwOd6hKyVF1BQqkblq6TZthpGZ5OdOCsNXTa3qqWVrau30JLTju28bvRJypWR9XIsd6vFBZKQ1F0qY6dng87nyAVOrK68auApqCOS3WN+OKreCJJW9eEHkD4lY9CWWjuNrpbzdHSXC5OLg51Q7iDCDgho5DkruAvPb3l/S8cTd0fGJ1KRpWa10tnoI6OhjEcLB8SepJ6rezhB2UF5bLklkl7SPRwhGC9YkuaMIYN91JcydkUlPCMZOEEiGU0y3DkiCgBcSfEEsKQA8ECsfE1CMBCYWKb+IViPNZpv4hWPCT7FYvtAozlSwlhIYFHUBGEAZI+SnBJy5CXRWdHsbVap1LXkD3ZGUjT+FoJ/Mq5Aqodnkod+3oT/EiuUod8QMK3hfQ9CKWGKR4bem5ZnZNCRKM+KuFQEI26oQRYAk8ymhCQADlMkDmkhwyhgRcAQQcFp2IPIqgiR2grxwzZOmq+T3XHf2WU8x+FxK9Awta40FNc6GajrohNTTNLXMPI+agTi0+zOx4e0OaQQRkEHIIUl53Zqyp0Tc47HepXyWeod/y+tedoyf8uQ/LBXobVNOxtEgkUEjomEyJFMJoKCLEkmkEANCaCgBIHVC17jWU9vo5autmZBTwt43vecDCTY0rOZqy9MsVokqyO8qD9HTwjnJIdgB8Vj0bZpLRZwKtwkuNQ4z1Un3nu/25Lj6ep6jU11/4guUZZRx5bboHc2t/wBRw6Eq7AYQiVUAGE0ITEJCChAh58gmFH3fFCBUPCMIyjKBiQmhAUJJPLUbIChoSQgQ8BCihFBY8qTCScFRCYUZq0Ti3ZStCfRi80g5U9fI0ehOf7q0gKs6Xi7jVWrIwMA1bH/EsyrS7bC+e+QilnZ7fUd4kRx4oAUgmqdFl8EcIwnhPCAsi5o6IHNSIRhAWRdzUVkwouCAsjhSAQQkAgGSwhGEIAhL/Ed8P0SQhRfZJAkUIQMaEIU4fsgl+pTaaU2/tYNJTBop7hSmWdhGzntyAf0+SvwQhfRNH/TE8Huf7pEkwAUIVsriIQhCCIFJCECY0IQkMeEkIUX0OPZq3S2Ud5t8tFcYGzU8gIIPMY5EeCp3ZlcquR14tk8zpqa3VDoIDIcuDR0J6oQpI7S6LyE0ITORHqgoQgixoQhAxFSahCAAHdeeVZ/4g7RprVcx3tut8PtEdPya9/i8dUISkSiegYDTwNADWgYAUxyQhKPQ2NCEKREEIQgAQhCABCEIIghCEEhAIchCAYJIQgiAQUIQAwm3mhCH0Sh2UvRsr6jUGq5ZTl/twZnyDcBWwoQvn3kv97Pcaf8AqQnJlCFQRaGEEbIQkRZFBQhMCKbUIQBLCihCBmVvJCEJAf/Z\" alt=\"pic1.jpg\" rel=\"1\" /></p>\n<ul>\n<li>xxxx;</li>\n<li>xxxx;</li>\n</ul>\n<h2><a id=\"12__7\"></a>1.2 二级标题</h2>\n<ol>\n<li>xxxx;</li>\n<li>xxxx;</li>\n</ol>\n', 2, 0, 0, 4, '[{\"alt\":\"pic1.jpg\",\"url\":\"1\"}]', 0, 0, 1000, 0, 0, 0, '2022-03-21 14:08:48', '2022-03-21 14:07:48');
INSERT INTO `forum_posts` VALUES (8, 'PASS', 'ARTICLE', 2, '选择问题之特定分治策略', 'MARKDOWN', '## 选择第k小元素\n设 L 是 n 个元素的集合，从 L 中选取第 k 小的元素，其中 1<=k<=n.这里\n的第 k 小元素是指，当 L 按从小到大排好序之后，排在第 k 个位置的元素。\n## 算法思想\n解决该问题用到的是**分治思想**。\n下面引用老师的分析\n- - -\n![在这里插入图片描述](https://img-blog.csdnimg.cn/20200406204700489.png?x-oss-process=image/watermark,type_ZmFuZ3poZW5naGVpdGk,shadow_10,text_aHR0cHM6Ly9ibG9nLmNzZG4ubmV0L20wXzQ2NDE5Mjk0,size_16,color_FFFFFF,t_70#pic_center)\n**算法思想**：\n- k=|S1|+1,m*就是所要找的第k小的数;以m为划分标准后，**比m小的有|S1|个**，如果恰巧，k=|S1|+1,则m就是所要**找到第k小的数**\n- k<=|S1|，归约为在S1中找第k1小的子问题，k1在子问题中的相对位置不变，即k1=k；\n- k>|S1|+1，归约为在S2中找k2位置的子问题，k2相对于S2子问题和k相对于S的关系，即k2=k-|S1|-1。（**在S中找k,就是在S2中找k2**）\n- ![在这里插入图片描述](https://img-blog.csdnimg.cn/2020040620390533.png?x-oss-process=image/watermark,type_ZmFuZ3poZW5naGVpdGk,shadow_10,text_aHR0cHM6Ly9ibG9nLmNzZG4ubmV0L20wXzQ2NDE5Mjk0,size_16,color_FFFFFF,t_70#pic_center)\n## 核心伪代码\n```c\nint Select(int A[], int left, int right, int k)\n{\n	int p = right - left;//计算数组大小\n	if (p < 5)//规模小，直接排序\n	{\n		sort(A + left, A + right);\n		return A[left + k - 1];\n	}\n	int q = p / 5;//分为q组\n	int* M = new int[q];\n	for (遍历分组)\n	{	//排序后得到中位数\n	}\n	//对中位数数组进行排序得到Mid\n	for (遍历数组)\n	{\n		if (元素小于mid)\n			存入A1数组\n		else if (元素等于Mid)\n			存入A2\n		else//其余情况\n			存入A3\n	}\n	if (若小于mid的数超过k个)\n		return Select(A1, 0, count1, k);\n	if (若小于mid的数加上等于mid的数超过k个)\n		return Mid;\n	//其余情况\n	return Select(A3, 0, count3, k - count1 - count2);\n}\n\n```\n## 算法分析\n下面引用老师的分析\n- - - \n- 假设n是5的倍数，且n/5是奇数，即n/5=2r+1，于是又|A|=|D|=2r，|B|=|C|=3r+2，n=10r+5。\n- 如果A，D的元素都小于m*，那么它们都加入至S1中，且下一步算法又**在这个子问题上**递归调用，这对应了归约后子问题的规模的上界，也正好是时间复杂度最坏的情况。\n- **子问题规模为**：**|A|+|C|+|D|=7r+2=7*(n−5)/10 + 2=7*(n/10)−1.5<7*n/10**\n表明子问题规模不超过原问题规模的7/10\n**W(n)<=W(n/5)+W(7n/10)+tn**\n\n	其中，W(n/5)为查找m* 的时间，总规模 n 中选出 n/5 个数来找中位数\ntn 是构造中位数集合，以及A & D和m* 进行比较的时间开销，t 是某个常数\n![在这里插入图片描述](https://img-blog.csdnimg.cn/20200406204039667.png?x-oss-process=image/watermark,type_ZmFuZ3poZW5naGVpdGk,shadow_10,text_aHR0cHM6Ly9ibG9nLmNzZG4ubmV0L20wXzQ2NDE5Mjk0,size_16,color_FFFFFF,t_70#pic_center)\n**W(n)<=tn+0.9tn+(0.9^2)tn+…=tn(1+0.9+0.92+…)=O(n)** \n\n所以最后推导出算法时间复杂度为**O(n)**\n\n', '<h2><a id=\"k_0\"></a>选择第k小元素</h2>\n<p>设 L 是 n 个元素的集合，从 L 中选取第 k 小的元素，其中 1&lt;=k&lt;=n.这里<br />\n的第 k 小元素是指，当 L 按从小到大排好序之后，排在第 k 个位置的元素。</p>\n<h2><a id=\"_3\"></a>算法思想</h2>\n<p>解决该问题用到的是<strong>分治思想</strong>。<br />\n下面引用老师的分析</p>\n<hr />\n<p><img src=\"https://img-blog.csdnimg.cn/20200406204700489.png?x-oss-process=image/watermark,type_ZmFuZ3poZW5naGVpdGk,shadow_10,text_aHR0cHM6Ly9ibG9nLmNzZG4ubmV0L20wXzQ2NDE5Mjk0,size_16,color_FFFFFF,t_70#pic_center\" alt=\"在这里插入图片描述\" /><br />\n<strong>算法思想</strong>：</p>\n<ul>\n<li>k=|S1|+1,m*就是所要找的第k小的数;以m为划分标准后，<strong>比m小的有|S1|个</strong>，如果恰巧，k=|S1|+1,则m就是所要<strong>找到第k小的数</strong></li>\n<li>k&lt;=|S1|，归约为在S1中找第k1小的子问题，k1在子问题中的相对位置不变，即k1=k；</li>\n<li>k&gt;|S1|+1，归约为在S2中找k2位置的子问题，k2相对于S2子问题和k相对于S的关系，即k2=k-|S1|-1。（<strong>在S中找k,就是在S2中找k2</strong>）</li>\n<li><img src=\"https://img-blog.csdnimg.cn/2020040620390533.png?x-oss-process=image/watermark,type_ZmFuZ3poZW5naGVpdGk,shadow_10,text_aHR0cHM6Ly9ibG9nLmNzZG4ubmV0L20wXzQ2NDE5Mjk0,size_16,color_FFFFFF,t_70#pic_center\" alt=\"在这里插入图片描述\" /></li>\n</ul>\n<h2><a id=\"_13\"></a>核心伪代码</h2>\n<pre><div class=\"hljs\"><code class=\"lang-c\"><span class=\"hljs-function\"><span class=\"hljs-keyword\">int</span> <span class=\"hljs-title\">Select</span><span class=\"hljs-params\">(<span class=\"hljs-keyword\">int</span> A[], <span class=\"hljs-keyword\">int</span> left, <span class=\"hljs-keyword\">int</span> right, <span class=\"hljs-keyword\">int</span> k)</span>\n</span>{\n	<span class=\"hljs-keyword\">int</span> p = right - left;<span class=\"hljs-comment\">//计算数组大小</span>\n	<span class=\"hljs-keyword\">if</span> (p &lt; <span class=\"hljs-number\">5</span>)<span class=\"hljs-comment\">//规模小，直接排序</span>\n	{\n		sort(A + left, A + right);\n		<span class=\"hljs-keyword\">return</span> A[left + k - <span class=\"hljs-number\">1</span>];\n	}\n	<span class=\"hljs-keyword\">int</span> q = p / <span class=\"hljs-number\">5</span>;<span class=\"hljs-comment\">//分为q组</span>\n	<span class=\"hljs-keyword\">int</span>* M = <span class=\"hljs-keyword\">new</span> <span class=\"hljs-keyword\">int</span>[q];\n	<span class=\"hljs-keyword\">for</span> (遍历分组)\n	{	<span class=\"hljs-comment\">//排序后得到中位数</span>\n	}\n	<span class=\"hljs-comment\">//对中位数数组进行排序得到Mid</span>\n	<span class=\"hljs-keyword\">for</span> (遍历数组)\n	{\n		<span class=\"hljs-keyword\">if</span> (元素小于mid)\n			存入A1数组\n		<span class=\"hljs-keyword\">else</span> <span class=\"hljs-keyword\">if</span> (元素等于Mid)\n			存入A2\n		<span class=\"hljs-keyword\">else</span><span class=\"hljs-comment\">//其余情况</span>\n			存入A3\n	}\n	<span class=\"hljs-keyword\">if</span> (若小于mid的数超过k个)\n		<span class=\"hljs-keyword\">return</span> Select(A1, <span class=\"hljs-number\">0</span>, count1, k);\n	<span class=\"hljs-keyword\">if</span> (若小于mid的数加上等于mid的数超过k个)\n		<span class=\"hljs-keyword\">return</span> Mid;\n	<span class=\"hljs-comment\">//其余情况</span>\n	<span class=\"hljs-keyword\">return</span> Select(A3, <span class=\"hljs-number\">0</span>, count3, k - count1 - count2);\n}\n\n</code></div></pre>\n<h2><a id=\"_47\"></a>算法分析</h2>\n<p>下面引用老师的分析</p>\n<hr />\n<ul>\n<li>\n<p>假设n是5的倍数，且n/5是奇数，即n/5=2r+1，于是又|A|=|D|=2r，|B|=|C|=3r+2，n=10r+5。</p>\n</li>\n<li>\n<p>如果A，D的元素都小于m*，那么它们都加入至S1中，且下一步算法又<strong>在这个子问题上</strong>递归调用，这对应了归约后子问题的规模的上界，也正好是时间复杂度最坏的情况。</p>\n</li>\n<li>\n<p><strong>子问题规模为</strong>：<strong>|A|+|C|+|D|=7r+2=7*(n−5)/10 + 2=7*(n/10)−1.5&lt;7*n/10</strong><br />\n表明子问题规模不超过原问题规模的7/10<br />\n<strong>W(n)&lt;=W(n/5)+W(7n/10)+tn</strong></p>\n<p>其中，W(n/5)为查找m* 的时间，总规模 n 中选出 n/5 个数来找中位数<br />\ntn 是构造中位数集合，以及A &amp; D和m* 进行比较的时间开销，t 是某个常数<br />\n<img src=\"https://img-blog.csdnimg.cn/20200406204039667.png?x-oss-process=image/watermark,type_ZmFuZ3poZW5naGVpdGk,shadow_10,text_aHR0cHM6Ly9ibG9nLmNzZG4ubmV0L20wXzQ2NDE5Mjk0,size_16,color_FFFFFF,t_70#pic_center\" alt=\"在这里插入图片描述\" /><br />\n<strong>W(n)&lt;=tn+0.9tn+(0.9^2)tn+…=tn(1+0.9+0.92+…)=O(n)</strong></p>\n</li>\n</ul>\n<p>所以最后推导出算法时间复杂度为<strong>O(n)</strong></p>\n', 15, 0, 0, 20, '[{\"alt\":\"在这里插入图片描述\",\"url\":\"https://img-blog.csdnimg.cn/20200406204700489.png?x-oss-process=image/watermark,type_ZmFuZ3poZW5naGVpdGk,shadow_10,text_aHR0cHM6Ly9ibG9nLmNzZG4ubmV0L20wXzQ2NDE5Mjk0,size_16,color_FFFFFF,t_70#pic_center\"},{\"alt\":\"在这里插入图片描述\",\"url\":\"https://img-blog.csdnimg.cn/2020040620390533.png?x-oss-process=image/watermark,type_ZmFuZ3poZW5naGVpdGk,shadow_10,text_aHR0cHM6Ly9ibG9nLmNzZG4ubmV0L20wXzQ2NDE5Mjk0,size_16,color_FFFFFF,t_70#pic_center\"},{\"alt\":\"在这里插入图片描述\",\"url\":\"https://img-blog.csdnimg.cn/20200406204039667.png?x-oss-process=image/watermark,type_ZmFuZ3poZW5naGVpdGk,shadow_10,text_aHR0cHM6Ly9ibG9nLmNzZG4ubmV0L20wXzQ2NDE5Mjk0,size_16,color_FFFFFF,t_70#pic_center\"}]', 1, 0, 1000, 0, 0, 0, '2022-03-21 19:10:56', '2022-03-21 14:08:30');
INSERT INTO `forum_posts` VALUES (9, 'PASS', 'ARTICLE', 2, 'hashcode原理', 'MARKDOWN', '== 和 equals 的区别\n\n- ==对于基本数据类型，==比较的是值；对于引用数据类型，==比较的是内存地址。\n- eauals对于没有重写equals方法的类，equals方法和==作用类似；对于重写过equals方法的类，equals比较的是值。\n\n## hashCode 与 equals（为什么重写equals方法后，hashCode方法也必须重写） ＊＊＊\n\n1. equals会依次比较**内存地址、对象类型、以及值**，内存地址相同，equals一定返回true；对象类型和值相同，equals方法一定返回true。\n2. 如果没有重写equals方法，那么equals和==的作用相同，比较的是对象的地址值。\n\n- hashCode方法返回对象的散列码，返回值是int类型的散列码。散列码的作用是确定该对象在哈希表中的索引位置。关于hashCode有一些约定：\n\n1. 1. 两个对象相等，则hashCode一定相同。\n   2. 两个对象有相同的hashCode值，它们不一定相等。\n\n1. 1. hashCode()方法默认是对堆上的对象产生独特值，如果没有重写hashCode()方法，则该类的两个对象的hashCode值肯定不同\n\n1. **为了让相同的对象hashcode相同，如果重写，不同对象hashcode一定不同，这样每次put就能成功**\n2. hashCode在具有哈希机制的集合中起着非常关键的作用，比如HashMap、HashSet等。以HashSet为例，HashSet的特点是存储元素时无序且唯一，在向HashSet中添加对象时，首先会计算对象的HashCode值来确定对象的存储位置，如果该位置没有其他对象，直接将该对象添加到该位置；如果该存储位置有存储其他对象（新添加的对象和该存储位置的对象的HashCode值相同），调用equals方法判断两个对象是否相同，如果相同，则添加对象失败，如果不相同，则会将该对象重新散列到其他位置。所以重写equals方法后，hashCode方法不重写的话，会导致所有对象的HashCode值都不相同，都能添加成功，那么HashSet中会出现很多重复元素，HashMap也是同理（因为HashSet的底层就是通过HashMap实现的），会出现大量相同的Key（HashMap中的key是唯一的，但不同的key可以对应相同的value）。所以重写equals方法后，hashCode方法也必须重写。同时因为两个对象的hashCode值不同，则它们一定不相等，所以先计算对象的hashCode值可以在一定程度上判断两个对象是否相等，提高了集合的效率。总结一下，一共两点：**第一，在****HashSet****等集合中，不重写****hashCode****方法会导致其功能出现问题；第二，可以提高集合效率。**\n::: hljs-center\n\n3. ![图片名称不知道叫什么好](https://img-blog.csdnimg.cn/0f8048d887e64418aafe042519247b6f.png?x-oss-process=image/watermark,type_d3F5LXplbmhlaQ,shadow_50,text_Q1NETiBA5oeS54uX572i5LqG,size_17,color_FFFFFF,t_70,g_se,x_16)\n\n:::\n\n', '<p>== 和 equals 的区别</p>\n<ul>\n<li>==对于基本数据类型，==比较的是值；对于引用数据类型，==比较的是内存地址。</li>\n<li>eauals对于没有重写equals方法的类，equals方法和==作用类似；对于重写过equals方法的类，equals比较的是值。</li>\n</ul>\n<h2><a id=\"hashCode__equalsequalshashCode__5\"></a>hashCode 与 equals（为什么重写equals方法后，hashCode方法也必须重写） ＊＊＊</h2>\n<ol>\n<li>equals会依次比较<strong>内存地址、对象类型、以及值</strong>，内存地址相同，equals一定返回true；对象类型和值相同，equals方法一定返回true。</li>\n<li>如果没有重写equals方法，那么equals和==的作用相同，比较的是对象的地址值。</li>\n</ol>\n<ul>\n<li>hashCode方法返回对象的散列码，返回值是int类型的散列码。散列码的作用是确定该对象在哈希表中的索引位置。关于hashCode有一些约定：</li>\n</ul>\n<ol>\n<li>\n<ol>\n<li>两个对象相等，则hashCode一定相同。</li>\n<li>两个对象有相同的hashCode值，它们不一定相等。</li>\n</ol>\n</li>\n<li>\n<ol>\n<li>hashCode()方法默认是对堆上的对象产生独特值，如果没有重写hashCode()方法，则该类的两个对象的hashCode值肯定不同</li>\n</ol>\n</li>\n<li>\n<p><strong>为了让相同的对象hashcode相同，如果重写，不同对象hashcode一定不同，这样每次put就能成功</strong></p>\n</li>\n<li>\n<p>hashCode在具有哈希机制的集合中起着非常关键的作用，比如HashMap、HashSet等。以HashSet为例，HashSet的特点是存储元素时无序且唯一，在向HashSet中添加对象时，首先会计算对象的HashCode值来确定对象的存储位置，如果该位置没有其他对象，直接将该对象添加到该位置；如果该存储位置有存储其他对象（新添加的对象和该存储位置的对象的HashCode值相同），调用equals方法判断两个对象是否相同，如果相同，则添加对象失败，如果不相同，则会将该对象重新散列到其他位置。所以重写equals方法后，hashCode方法不重写的话，会导致所有对象的HashCode值都不相同，都能添加成功，那么HashSet中会出现很多重复元素，HashMap也是同理（因为HashSet的底层就是通过HashMap实现的），会出现大量相同的Key（HashMap中的key是唯一的，但不同的key可以对应相同的value）。所以重写equals方法后，hashCode方法也必须重写。同时因为两个对象的hashCode值不同，则它们一定不相等，所以先计算对象的hashCode值可以在一定程度上判断两个对象是否相等，提高了集合的效率。总结一下，一共两点：<strong>第一，在<strong><strong>HashSet</strong></strong>等集合中，不重写<strong><strong>hashCode</strong></strong>方法会导致其功能出现问题；第二，可以提高集合效率。</strong></p>\n</li>\n</ol>\n<div class=\"hljs-center\">\n<ol start=\"3\">\n<li><img src=\"https://img-blog.csdnimg.cn/0f8048d887e64418aafe042519247b6f.png?x-oss-process=image/watermark,type_d3F5LXplbmhlaQ,shadow_50,text_Q1NETiBA5oeS54uX572i5LqG,size_17,color_FFFFFF,t_70,g_se,x_16\" alt=\"图片名称不知道叫什么好\" /></li>\n</ol>\n</div>\n', 67, 1, 5, 3, '[{\"alt\":\"图片名称不知道叫什么好\",\"url\":\"https://img-blog.csdnimg.cn/0f8048d887e64418aafe042519247b6f.png?x-oss-process=image/watermark,type_d3F5LXplbmhlaQ,shadow_50,text_Q1NETiBA5oeS54uX572i5LqG,size_17,color_FFFFFF,t_70,g_se,x_16\"}]', 1, 1, 1, 1, 0, 0, '2022-02-28 19:17:25', '2022-04-06 10:25:08');
INSERT INTO `forum_posts` VALUES (10, 'PASS', 'ARTICLE', 1, 'Spring 面经', 'MARKDOWN', 'Spring\n● 轻量级 Java 开发框架，旨在提高开发人员的开发效率以及系统的可维护性 \n  ○ 可以很方便地对数据库进行访问、可以很方便地集成第三方组件、对单元测试支持比较好、支持 RESTful Java 应用程序的开发。\n  ○ 约定大于配置，应用只需要很少的配置就可以进行开发 yaml文件\nIoC（Inverse of Control:控制反转）\n●  一种设计思想，IoC 的思想就是将原本在程序中手动创建对象的控制权，交由 Spring 框架来管理。 \n●  控制 ：指的是对象创建（实例化、管理）的权力 \n●  反转 ：控制权交给外部环境（Spring 框架、IoC 容器） \n\n将对象之间的相互依赖关系交给 IoC 容器来管理，并由 IoC 容器完成对象的注入。这样可以很大程度上简化应用的开发，把应用从复杂的依赖关系中解放出来。 IoC 容器就像是一个工厂一样，当我们需要创建一个对象的时候，只需要配置好配置文件/注解即可，完全不用考虑对象是如何被创建出来的。\n\n在实际项目中一个  类可能依赖了很多其他的类，假如我们需要实例化这个 类，需要理清他的所有底层相关类和构造函数。如果利用 IoC 的话，你只需要配置好，然后在需要的地方引用就行了。\n\nAOP(Aspect-Oriented Programming)\n● 能够将那些与业务无关，却为业务模块所共同调用事件封装起来，便于减少系统的重复代码\n性能统计，代码前后判断处理的耗时\n\nSpring解决循环依赖\nSpring能够解决属性的环依赖\nSpring主要的思路就是依据三级缓存，在实例化A时调用doGetBean，发现A依赖的B的实例，此时调用doGetBean去实例B，实例化的B的时候发现又依赖A，如果不解决这个循环依赖的话此时的doGetBean将会无限循环下去，导致内存溢出，程序奔溃。\nspring引用了一个早期对象，并且把这个\"早期引用\"并将其注入到容器中，让B先完成实例化，此时A就获取B的引用，完成实例化。\n\n常用注解\n@Component 组件，没有明确的角色\n@Service 在业务逻辑层使用（service层）\n@Repository 在数据访问层使用（dao层）\n@Controller 在展现层使用，控制器的声明（C）\n@Autowired：由Spring提供\n@Resource：由JSR-250提供\n@Configuration 声明当前类为配置类，相当于xml形式的Spring配置（类上）\n@ComponentScan 用于对Component进行扫描，相当于xml中的（类上）\n什么是 Spring Boot？\nSpring Boot 是 Spring 开源组织下的子项目，是 Spring 组件一站式解决方案，主要是简化了使用 Spring 的难度，简省了繁重的配置，提供了各种启动器，开发者能快速上手。\n通过自动配置方式简化Spring应用的开发，弱化配置，遵循约定大于配置的原则，使开发者专注于业务开发而无需过多考虑配置相关操作，通过启动类的main方法一键启动应用。\n● 独立运行\n  ○ 内嵌了servlet，tomat等，不需要打成war包部署到容器中，只需要将SpringBoot项目打成jar包就能独立运行。\n● 简化配置\n  ○ 遵循约定大于配置的原则\nSpring Boot 的核心注解是哪个？它主要由哪几个注解组成的？\n启动类上面的注解是@SpringBootApplication，它也是 Spring Boot 的核心注解，主要组合包含了以下 3 个注解：\n@SpringBootConfiguration：实现配置文件的功能。\n@EnableAutoConfiguration：打开自动配置的功能\n@ComponentScan：Spring组件扫描。\n开启 Spring Boot 特性有哪几种方式？\n1）继承spring-boot-starter-parent项目\n2）导入spring-boot-dependencies项目依赖\nMVC\nMVC 是模型(Model)、视图(View)、控制器(Controller)的简写，其核心思想是通过将业务逻辑、数据、显示分离来组织代码。\nSpring MVC 可以帮助我们进行更简洁的 Web 层的开发，并且它天生与 Spring 框架集成。Spring MVC 下我们一般把后端项目分为 Service 层（处理业务）、Dao 层（数据库操作）、Entity 层（实体类）、Controller 层(控制层，返回数据给前台页面)。', '<p>Spring<br />\n● 轻量级 Java 开发框架，旨在提高开发人员的开发效率以及系统的可维护性<br />\n○ 可以很方便地对数据库进行访问、可以很方便地集成第三方组件、对单元测试支持比较好、支持 RESTful Java 应用程序的开发。<br />\n○ 约定大于配置，应用只需要很少的配置就可以进行开发 yaml文件<br />\nIoC（Inverse of Control:控制反转）<br />\n●  一种设计思想，IoC 的思想就是将原本在程序中手动创建对象的控制权，交由 Spring 框架来管理。<br />\n●  控制 ：指的是对象创建（实例化、管理）的权力<br />\n●  反转 ：控制权交给外部环境（Spring 框架、IoC 容器）</p>\n<p>将对象之间的相互依赖关系交给 IoC 容器来管理，并由 IoC 容器完成对象的注入。这样可以很大程度上简化应用的开发，把应用从复杂的依赖关系中解放出来。 IoC 容器就像是一个工厂一样，当我们需要创建一个对象的时候，只需要配置好配置文件/注解即可，完全不用考虑对象是如何被创建出来的。</p>\n<p>在实际项目中一个  类可能依赖了很多其他的类，假如我们需要实例化这个 类，需要理清他的所有底层相关类和构造函数。如果利用 IoC 的话，你只需要配置好，然后在需要的地方引用就行了。</p>\n<p>AOP(Aspect-Oriented Programming)<br />\n● 能够将那些与业务无关，却为业务模块所共同调用事件封装起来，便于减少系统的重复代码<br />\n性能统计，代码前后判断处理的耗时</p>\n<p>Spring解决循环依赖<br />\nSpring能够解决属性的环依赖<br />\nSpring主要的思路就是依据三级缓存，在实例化A时调用doGetBean，发现A依赖的B的实例，此时调用doGetBean去实例B，实例化的B的时候发现又依赖A，如果不解决这个循环依赖的话此时的doGetBean将会无限循环下去，导致内存溢出，程序奔溃。<br />\nspring引用了一个早期对象，并且把这个&quot;早期引用&quot;并将其注入到容器中，让B先完成实例化，此时A就获取B的引用，完成实例化。</p>\n<p>常用注解<br />\n@Component 组件，没有明确的角色<br />\n@Service 在业务逻辑层使用（service层）<br />\n@Repository 在数据访问层使用（dao层）<br />\n@Controller 在展现层使用，控制器的声明（C）<br />\n@Autowired：由Spring提供<br />\n@Resource：由JSR-250提供<br />\n@Configuration 声明当前类为配置类，相当于xml形式的Spring配置（类上）<br />\n@ComponentScan 用于对Component进行扫描，相当于xml中的（类上）<br />\n什么是 Spring Boot？<br />\nSpring Boot 是 Spring 开源组织下的子项目，是 Spring 组件一站式解决方案，主要是简化了使用 Spring 的难度，简省了繁重的配置，提供了各种启动器，开发者能快速上手。<br />\n通过自动配置方式简化Spring应用的开发，弱化配置，遵循约定大于配置的原则，使开发者专注于业务开发而无需过多考虑配置相关操作，通过启动类的main方法一键启动应用。<br />\n● 独立运行<br />\n○ 内嵌了servlet，tomat等，不需要打成war包部署到容器中，只需要将SpringBoot项目打成jar包就能独立运行。<br />\n● 简化配置<br />\n○ 遵循约定大于配置的原则<br />\nSpring Boot 的核心注解是哪个？它主要由哪几个注解组成的？<br />\n启动类上面的注解是@SpringBootApplication，它也是 Spring Boot 的核心注解，主要组合包含了以下 3 个注解：<br />\n@SpringBootConfiguration：实现配置文件的功能。<br />\n@EnableAutoConfiguration：打开自动配置的功能<br />\n@ComponentScan：Spring组件扫描。<br />\n开启 Spring Boot 特性有哪几种方式？<br />\n1）继承spring-boot-starter-parent项目<br />\n2）导入spring-boot-dependencies项目依赖<br />\nMVC<br />\nMVC 是模型(Model)、视图(View)、控制器(Controller)的简写，其核心思想是通过将业务逻辑、数据、显示分离来组织代码。<br />\nSpring MVC 可以帮助我们进行更简洁的 Web 层的开发，并且它天生与 Spring 框架集成。Spring MVC 下我们一般把后端项目分为 Service 层（处理业务）、Dao 层（数据库操作）、Entity 层（实体类）、Controller 层(控制层，返回数据给前台页面)。</p>\n', 3, 0, 0, 4, '', 0, 0, 1000, 0, 0, 0, '2022-03-21 13:50:44', '2022-03-21 13:50:46');
INSERT INTO `forum_posts` VALUES (11, 'PASS', 'ARTICLE', 1, 'Spring Boot 面经', 'MARKDOWN', '## Spring\n\n- 轻量级 Java 开发框架，旨在**提高**开发人员的**开发效率**以及**系统的可维护性** \n\n- - 可以很方便地对**数据库**进行访问、可以很方便地集成**第三方组件**、对**单元测试**支持比较好、支持 RESTful Java 应用程序的开发。\n  - 约定大于配置，应用只需要很少的配置就可以进行开发 yaml文件\n\n### IoC（Inverse of Control:控制反转）\n\n-  一种设计思想，IoC 的思想就是将原本在程序中手动创建对象的控制权，交由 Spring 框架来管理。 \n-  **控制** ：指的是对象创建（实例化、管理）的权力 \n\n-  **反转** ：控制权交给外部环境（Spring 框架、IoC 容器） \n\n\n\n将对象之间的相互依赖关系交给 IoC 容器来管理，并由 IoC 容器完成对象的注入。这样可以很大程度上简化应用的开发，把应用从复杂的依赖关系中解放出来。 IoC 容器就像是一个工厂一样，当我们需要创建一个对象的时候，只需要配置好配置文件/注解即可，完全不用考虑对象是如何被创建出来的。\n\n\n\n在实际项目中一个  类可能依赖了很多其他的类，假如我们需要实例化这个 类，需要理清他的所有底层相关类和构造函数。如果利用 IoC 的话，你只需要配置好，然后在需要的地方引用就行了。\n\n\n\n### AOP(Aspect-Oriented Programming)\n\n- 能够将那些与业务无关，却为业务模块所共同调用事件封装起来，便于减少系统的重复代码\n\n性能统计，代码前后判断处理的耗时\n\n\n\n### Spring解决循环依赖\n\nSpring能够解决属性的环依赖\n\nSpring主要的思路就是依据三级缓存，在实例化A时调用doGetBean，发现A依赖的B的实例，此时调用doGetBean去实例B，实例化的B的时候发现又依赖A，如果不解决这个循环依赖的话此时的doGetBean将会无限循环下去，导致内存溢出，程序奔溃。\n\n**spring****引用了一个早期对象****，并且把这个\"****早期引用****\"并将其注入到容器中，让B先完成实例化，此时A就获取B的引用，完成实例化。**\n\n\n\n### 常用注解\n\n**@Component** 组件，没有明确的角色\n\n**@Service** 在业务逻辑层使用（service层）\n\n**@Repository** 在数据访问层使用（dao层）\n\n**@Controller** 在展现层使用，控制器的声明（C）\n\n@Autowired：由Spring提供\n\n@Resource：由JSR-250提供\n\n@Configuration 声明当前类为配置类，相当于xml形式的Spring配置（类上）\n\n@ComponentScan 用于对Component进行扫描，相当于xml中的（类上）\n\n## **什么是 Spring Boot？**\n\nSpring Boot 是 Spring 开源组织下的子项目，是 Spring 组件一站式解决方案，主要是简化了使用 Spring 的难度，简省了繁重的配置，提供了各种启动器，开发者能快速上手。\n\n通过自动配置方式简化Spring应用的开发，弱化配置，遵循约定大于配置的原则，使开发者专注于业务开发而无需过多考虑配置相关操作，通过启动类的main方法一键启动应用。\n\n- 独立运行\n\n- - 内嵌了servlet，tomat等，不需要打成war包部署到容器中，只需要将SpringBoot项目打成jar包就能独立运行。\n\n- 简化配置\n\n- - 遵循约定大于配置的原则\n\n### Spring Boot 的核心注解是哪个？它主要由哪几个注解组成的？\n\n启动类上面的注解是@SpringBootApplication，它也是 Spring Boot 的核心注解，主要组合包含了以下 3 个注解：\n\n@SpringBootConfiguration：实现配置文件的功能。\n\n@EnableAutoConfiguration：打开自动配置的功能\n\n@ComponentScan：Spring组件扫描。\n\n### 开启 Spring Boot 特性有哪几种方式？\n\n1）继承spring-boot-starter-parent项目\n\n2）导入spring-boot-dependencies项目依赖\n\n### MVC\n\nMVC 是模型(Model)、视图(View)、控制器(Controller)的简写，其核心思想是通过将业务**逻辑**、**数据**、**显示**分离来组织代码。\n\nSpring MVC 可以帮助我们进行更简洁的 Web 层的开发，并且它天生与 Spring 框架集成。Spring MVC 下我们一般把后端项目分为 Service 层（处理业务）、Dao 层（数据库操作）、Entity 层（实体类）、Controller 层(控制层，返回数据给前台页面)。', '<h2><a id=\"Spring_0\"></a>Spring</h2>\n<ul>\n<li>\n<p>轻量级 Java 开发框架，旨在<strong>提高</strong>开发人员的<strong>开发效率</strong>以及<strong>系统的可维护性</strong></p>\n</li>\n<li>\n<ul>\n<li>可以很方便地对<strong>数据库</strong>进行访问、可以很方便地集成<strong>第三方组件</strong>、对<strong>单元测试</strong>支持比较好、支持 RESTful Java 应用程序的开发。</li>\n<li>约定大于配置，应用只需要很少的配置就可以进行开发 yaml文件</li>\n</ul>\n</li>\n</ul>\n<h3><a id=\"IoCInverse_of_Control_7\"></a>IoC（Inverse of Control:控制反转）</h3>\n<ul>\n<li>\n<p>一种设计思想，IoC 的思想就是将原本在程序中手动创建对象的控制权，交由 Spring 框架来管理。</p>\n</li>\n<li>\n<p><strong>控制</strong> ：指的是对象创建（实例化、管理）的权力</p>\n</li>\n<li>\n<p><strong>反转</strong> ：控制权交给外部环境（Spring 框架、IoC 容器）</p>\n</li>\n</ul>\n<p>将对象之间的相互依赖关系交给 IoC 容器来管理，并由 IoC 容器完成对象的注入。这样可以很大程度上简化应用的开发，把应用从复杂的依赖关系中解放出来。 IoC 容器就像是一个工厂一样，当我们需要创建一个对象的时候，只需要配置好配置文件/注解即可，完全不用考虑对象是如何被创建出来的。</p>\n<p>在实际项目中一个  类可能依赖了很多其他的类，假如我们需要实例化这个 类，需要理清他的所有底层相关类和构造函数。如果利用 IoC 的话，你只需要配置好，然后在需要的地方引用就行了。</p>\n<h3><a id=\"AOPAspectOriented_Programming_24\"></a>AOP(Aspect-Oriented Programming)</h3>\n<ul>\n<li>能够将那些与业务无关，却为业务模块所共同调用事件封装起来，便于减少系统的重复代码</li>\n</ul>\n<p>性能统计，代码前后判断处理的耗时</p>\n<h3><a id=\"Spring_32\"></a>Spring解决循环依赖</h3>\n<p>Spring能够解决属性的环依赖</p>\n<p>Spring主要的思路就是依据三级缓存，在实例化A时调用doGetBean，发现A依赖的B的实例，此时调用doGetBean去实例B，实例化的B的时候发现又依赖A，如果不解决这个循环依赖的话此时的doGetBean将会无限循环下去，导致内存溢出，程序奔溃。</p>\n<p><strong>spring<strong><strong>引用了一个早期对象</strong></strong>，并且把这个&quot;<strong><strong>早期引用</strong></strong>&quot;并将其注入到容器中，让B先完成实例化，此时A就获取B的引用，完成实例化。</strong></p>\n<h3><a id=\"_42\"></a>常用注解</h3>\n<p><strong>@Component</strong> 组件，没有明确的角色</p>\n<p><strong>@Service</strong> 在业务逻辑层使用（service层）</p>\n<p><strong>@Repository</strong> 在数据访问层使用（dao层）</p>\n<p><strong>@Controller</strong> 在展现层使用，控制器的声明（C）</p>\n<p>@Autowired：由Spring提供</p>\n<p>@Resource：由JSR-250提供</p>\n<p>@Configuration 声明当前类为配置类，相当于xml形式的Spring配置（类上）</p>\n<p>@ComponentScan 用于对Component进行扫描，相当于xml中的（类上）</p>\n<h2><a id=\"_Spring_Boot_60\"></a><strong>什么是 Spring Boot？</strong></h2>\n<p>Spring Boot 是 Spring 开源组织下的子项目，是 Spring 组件一站式解决方案，主要是简化了使用 Spring 的难度，简省了繁重的配置，提供了各种启动器，开发者能快速上手。</p>\n<p>通过自动配置方式简化Spring应用的开发，弱化配置，遵循约定大于配置的原则，使开发者专注于业务开发而无需过多考虑配置相关操作，通过启动类的main方法一键启动应用。</p>\n<ul>\n<li>\n<p>独立运行</p>\n</li>\n<li>\n<ul>\n<li>内嵌了servlet，tomat等，不需要打成war包部署到容器中，只需要将SpringBoot项目打成jar包就能独立运行。</li>\n</ul>\n</li>\n<li>\n<p>简化配置</p>\n</li>\n<li>\n<ul>\n<li>遵循约定大于配置的原则</li>\n</ul>\n</li>\n</ul>\n<h3><a id=\"Spring_Boot__74\"></a>Spring Boot 的核心注解是哪个？它主要由哪几个注解组成的？</h3>\n<p>启动类上面的注解是@SpringBootApplication，它也是 Spring Boot 的核心注解，主要组合包含了以下 3 个注解：</p>\n<p>@SpringBootConfiguration：实现配置文件的功能。</p>\n<p>@EnableAutoConfiguration：打开自动配置的功能</p>\n<p>@ComponentScan：Spring组件扫描。</p>\n<h3><a id=\"_Spring_Boot__84\"></a>开启 Spring Boot 特性有哪几种方式？</h3>\n<p>1）继承spring-boot-starter-parent项目</p>\n<p>2）导入spring-boot-dependencies项目依赖</p>\n<h3><a id=\"MVC_90\"></a>MVC</h3>\n<p>MVC 是模型(Model)、视图(View)、控制器(Controller)的简写，其核心思想是通过将业务<strong>逻辑</strong>、<strong>数据</strong>、<strong>显示</strong>分离来组织代码。</p>\n<p>Spring MVC 可以帮助我们进行更简洁的 Web 层的开发，并且它天生与 Spring 框架集成。Spring MVC 下我们一般把后端项目分为 Service 层（处理业务）、Dao 层（数据库操作）、Entity 层（实体类）、Controller 层(控制层，返回数据给前台页面)。</p>\n', 4, 0, 0, 4, '', 0, 0, 1000, 0, 0, 0, '2022-03-21 13:52:28', '2022-03-21 13:52:28');
INSERT INTO `forum_posts` VALUES (12, 'PASS', 'ARTICLE', 1, 'Linux基本操作', 'MARKDOWN', '## Linux基本操作\n\n::: hljs-center\n\n标题居中\n\n:::\n::: hljs-center\n\n[百度](www.baidu.com)\n\n:::\n\n\n-  *查找文件* find / -name file.txt \n-  查看运行进程 ps -ef | grep \n==标记==\n-  kill - 9 \n\n  ls -al \n\n-  ++切换用户++ su -username \n-  chmod 777 file \n\n-  tar - zxvf \n-  head -n 10 \n\n-  tail -n 10 \n-  tail -f\n\n- 查看目录磁盘使用情况 df -h\n  grep 查找\n  sed 编辑匹配到的文本\n  awk 格式化文本，复杂处理 \n- grep \"\" file\n\n- ps -ef|grep java tomcat 线程id\n- wc -l filename 查看文件行数\n\n- less 查看大文件\n\n### Vim\n\n:/查找\n\n:n 跳行\n\nLinux 批量修改文件字段\n\n:s/vivian/sky/ 替换当前行第一个 vivian 为 sky\n:s/vivian/sky/g 替换当前行所有 vivian 为 sky', '<h2><a id=\"Linux_0\"></a>Linux基本操作</h2>\n<div class=\"hljs-center\">\n<p>标题居中</p>\n</div>\n<div class=\"hljs-center\">\n<p><a href=\"www.baidu.com\" target=\"_blank\">百度</a></p>\n</div>\n<ul>\n<li><em>查找文件</em> find / -name file.txt</li>\n<li>查看运行进程 ps -ef | grep<br />\n<mark>标记</mark></li>\n<li>kill - 9</li>\n</ul>\n<p>ls -al</p>\n<ul>\n<li>\n<p><ins>切换用户</ins> su -username</p>\n</li>\n<li>\n<p>chmod 777 file</p>\n</li>\n<li>\n<p>tar - zxvf</p>\n</li>\n<li>\n<p>head -n 10</p>\n</li>\n<li>\n<p>tail -n 10</p>\n</li>\n<li>\n<p>tail -f</p>\n</li>\n<li>\n<p>查看目录磁盘使用情况 df -h<br />\ngrep 查找<br />\nsed 编辑匹配到的文本<br />\nawk 格式化文本，复杂处理</p>\n</li>\n<li>\n<p>grep “” file</p>\n</li>\n<li>\n<p>ps -ef|grep java tomcat 线程id</p>\n</li>\n<li>\n<p>wc -l filename 查看文件行数</p>\n</li>\n<li>\n<p>less 查看大文件</p>\n</li>\n</ul>\n<h3><a id=\"Vim_41\"></a>Vim</h3>\n<p>:/查找</p>\n<p>:n 跳行</p>\n<p>Linux 批量修改文件字段</p>\n<p>😒/vivian/sky/ 替换当前行第一个 vivian 为 sky<br />\n😒/vivian/sky/g 替换当前行所有 vivian 为 sky</p>\n', 0, 0, 0, 4, '', 0, 0, 1000, 0, 0, 0, '2022-03-21 13:56:30', '2022-03-21 13:56:30');
INSERT INTO `forum_posts` VALUES (13, 'PASS', 'ARTICLE', 1, 'next', 'MARKDOWN', '\n- 如何防止表单重复提交？\n- 项目中登陆操作怎么实现，登录状态怎么保持\n\n- 线程的基本状态，多线程可能会带来的问题\n- redis的高可用\n\n- SQL优化\n\n1. Bean的生命周期\n2. Redis如何实现高并发处理\n\n1. 假如有100条线程去操作Arraylist你认为应该怎么让它线程安全？具体在哪里做改动？\n\n![next](http://www.kmwzjs.com/useruploads/images/20101020_0576001008251579037.jpg)\nnext station', '<ul>\n<li>\n<p>如何防止表单重复提交？</p>\n</li>\n<li>\n<p>项目中登陆操作怎么实现，登录状态怎么保持</p>\n</li>\n<li>\n<p>线程的基本状态，多线程可能会带来的问题</p>\n</li>\n<li>\n<p>redis的高可用</p>\n</li>\n<li>\n<p>SQL优化</p>\n</li>\n</ul>\n<ol>\n<li>\n<p>Bean的生命周期</p>\n</li>\n<li>\n<p>Redis如何实现高并发处理</p>\n</li>\n<li>\n<p>假如有100条线程去操作Arraylist你认为应该怎么让它线程安全？具体在哪里做改动？</p>\n</li>\n</ol>\n<p><img src=\"http://www.kmwzjs.com/useruploads/images/20101020_0576001008251579037.jpg\" alt=\"next\" /><br />\nnext station</p>\n', 5, 0, 0, 19, '[{\"alt\":\"next\",\"url\":\"http://www.kmwzjs.com/useruploads/images/20101020_0576001008251579037.jpg\"}]', 0, 0, 1000, 0, 0, 0, '2022-03-21 13:59:06', '2022-03-21 14:02:00');
INSERT INTO `forum_posts` VALUES (14, 'PASS', 'ARTICLE', 2, '测试123', 'MARKDOWN', '# 一 一级标题\n\n## 1.1 二级标题\n\n- xxxx;\n- xxxx;\n\n## 1.2 二级标题\n\n1. xxxx;\n2. xxxx;', '<h1><a id=\"__0\"></a>一 一级标题</h1>\n<h2><a id=\"11__2\"></a>1.1 二级标题</h2>\n<ul>\n<li>xxxx;</li>\n<li>xxxx;</li>\n</ul>\n<h2><a id=\"12__7\"></a>1.2 二级标题</h2>\n<ol>\n<li>xxxx;</li>\n<li>xxxx;</li>\n</ol>\n', 5, 0, 0, 3, '', 0, 0, 1000, 0, 0, 0, '2022-03-01 14:06:59', '2022-03-21 16:17:44');
INSERT INTO `forum_posts` VALUES (15, 'PASS', 'ARTICLE', 2, '今日头条', 'MARKDOWN', '++~~==123qwe==~~++	', '<p><ins><s><mark>123qwe</mark></s></ins></p>\n', 4, 0, 0, 1, '', 0, 0, 1000, 0, 0, 0, '2022-03-21 14:09:52', '2022-03-21 15:53:40');
INSERT INTO `forum_posts` VALUES (22, 'PASS', 'FAQ', 2, '如何实现同步锁', 'MARKDOWN', '# 关于如何实现同步锁\n\n', '<h1><a id=\"_0\"></a>关于如何实现同步锁</h1>\n', 0, 0, 0, 0, '', 0, 0, 1000, 0, 0, 0, '2022-04-06 10:38:43', '2022-04-06 10:38:44');

-- ----------------------------
-- Table structure for forum_search
-- ----------------------------
DROP TABLE IF EXISTS `forum_search`;
CREATE TABLE `forum_search`  (
  `id` bigint(11) NOT NULL AUTO_INCREMENT COMMENT '主键',
  `type` varchar(64) CHARACTER SET utf8mb4 COLLATE utf8mb4_unicode_ci NOT NULL COMMENT '类型',
  `entity_id` bigint(11) NOT NULL COMMENT '实体ID',
  `title` varchar(256) CHARACTER SET utf8mb4 COLLATE utf8mb4_unicode_ci NOT NULL COMMENT '标题',
  `content` longtext CHARACTER SET utf8mb4 COLLATE utf8mb4_unicode_ci NOT NULL COMMENT '内容',
  `is_delete` tinyint(2) UNSIGNED NOT NULL DEFAULT 0 COMMENT '删除标识（0:未删除、1:已删除）',
  `create_at` datetime NOT NULL COMMENT '记录创建时间',
  `update_at` timestamp NOT NULL DEFAULT CURRENT_TIMESTAMP ON UPDATE CURRENT_TIMESTAMP COMMENT '记录修改时间',
  PRIMARY KEY (`id`) USING BTREE,
  INDEX `idx_type_title`(`type`, `title`(191)) USING BTREE,
  INDEX `idx_type_create`(`type`, `create_at`) USING BTREE
) ENGINE = InnoDB AUTO_INCREMENT = 48 CHARACTER SET = utf8mb4 COLLATE = utf8mb4_unicode_ci COMMENT = '搜索内容表' ROW_FORMAT = DYNAMIC;

-- ----------------------------
-- Records of forum_search
-- ----------------------------
INSERT INTO `forum_search` VALUES (3, 'POSTS', 1, 'markdown 测试', '# 一 一级标题\n\n## 1.1 二级标题\n\n- xxxx;\n- xxxx;\n\n## 1.2 二级标题\n\n1. xxxx;\n2. xxxx;\n\n123112312\n### 2 12 \n', 0, '2022-02-23 07:58:01', '2022-02-23 15:58:01');
INSERT INTO `forum_search` VALUES (7, 'POSTS', 5, '测试问题', '# 一 一级标题\n\n## 1.1 二级标题\n\n- xxxx;\n- xxxx;\n\n## 1.2 二级标题\n\n1. xxxx;\n2. xxxx;', 0, '2022-02-24 02:44:32', '2022-02-24 10:44:31');
INSERT INTO `forum_search` VALUES (9, 'POSTS', 7, '测试', '# 一 一级标题\n\n## 1.1 二级标题\n![pic1.jpg](1)\n- xxxx;\n- xxxx;\n\n## 1.2 二级标题\n\n1. xxxx;\n2. xxxx;', 0, '2022-02-28 12:08:48', '2022-02-28 12:08:47');
INSERT INTO `forum_search` VALUES (13, 'POSTS', 6, '图的M着色问题', '## 问题描述\n图的m着色问题。给定无向连通图G和m种颜色，用这些颜色给图的顶点着色，每个顶点一种颜色。如果要求G的每条边的两个顶点着不同颜色。给出所有可能的着色方案；如果不存在，则回答“NO”。\n## 算法思想\n与“N皇后问题”一样。在填写每一个顶点的颜色时检查与相邻已填顶点的颜色是否相同。如果不同，则填上；如果相同（冲突），则另选一种；如果已没有颜色可供选择，则回溯到上一顶点。重复这一过程，直到所有顶点的颜色都已填上。\n## 核心伪代码\n```c\nisDiffColor(index)//判断填色是否符合\n	for i = 0 to n do\n		if graph[index,i] == 1 and color[index] == color[i] \n			then return False\n	retrun TRUE\n```\n```c\nBacktracking(index)//回溯函数\n	if index == n then\n		for 1 to n do\n			print color\n	else \n		for j = 1 to m do \n			color[index] = j\n			if isDiffColor(index) \n				then Backtracking(index+1)\n			color[index] = 0\n```\n## 算法复杂度分析\n对于每一个结点，最坏情况下，选取m个颜色和剩余n-1个结点进行比较，时间复杂度为**O(mn)**。共有n个结点，所以最后算法时间复杂度为**O(mn²)**', 0, '2022-02-28 18:56:43', '2022-02-28 18:56:43');
INSERT INTO `forum_search` VALUES (14, 'POSTS', 8, '选择问题之特定分治策略', '## 选择第k小元素\n设 L 是 n 个元素的集合，从 L 中选取第 k 小的元素，其中 1<=k<=n.这里\n的第 k 小元素是指，当 L 按从小到大排好序之后，排在第 k 个位置的元素。\n## 算法思想\n解决该问题用到的是**分治思想**。\n下面引用老师的分析\n- - -\n![在这里插入图片描述](https://img-blog.csdnimg.cn/20200406204700489.png?x-oss-process=image/watermark,type_ZmFuZ3poZW5naGVpdGk,shadow_10,text_aHR0cHM6Ly9ibG9nLmNzZG4ubmV0L20wXzQ2NDE5Mjk0,size_16,color_FFFFFF,t_70#pic_center)\n**算法思想**：\n- k=|S1|+1,m*就是所要找的第k小的数;以m为划分标准后，**比m小的有|S1|个**，如果恰巧，k=|S1|+1,则m就是所要**找到第k小的数**\n- k<=|S1|，归约为在S1中找第k1小的子问题，k1在子问题中的相对位置不变，即k1=k；\n- k>|S1|+1，归约为在S2中找k2位置的子问题，k2相对于S2子问题和k相对于S的关系，即k2=k-|S1|-1。（**在S中找k,就是在S2中找k2**）\n- ![在这里插入图片描述](https://img-blog.csdnimg.cn/2020040620390533.png?x-oss-process=image/watermark,type_ZmFuZ3poZW5naGVpdGk,shadow_10,text_aHR0cHM6Ly9ibG9nLmNzZG4ubmV0L20wXzQ2NDE5Mjk0,size_16,color_FFFFFF,t_70#pic_center)\n## 核心伪代码\n```c\nint Select(int A[], int left, int right, int k)\n{\n	int p = right - left;//计算数组大小\n	if (p < 5)//规模小，直接排序\n	{\n		sort(A + left, A + right);\n		return A[left + k - 1];\n	}\n	int q = p / 5;//分为q组\n	int* M = new int[q];\n	for (遍历分组)\n	{	//排序后得到中位数\n	}\n	//对中位数数组进行排序得到Mid\n	for (遍历数组)\n	{\n		if (元素小于mid)\n			存入A1数组\n		else if (元素等于Mid)\n			存入A2\n		else//其余情况\n			存入A3\n	}\n	if (若小于mid的数超过k个)\n		return Select(A1, 0, count1, k);\n	if (若小于mid的数加上等于mid的数超过k个)\n		return Mid;\n	//其余情况\n	return Select(A3, 0, count3, k - count1 - count2);\n}\n\n```\n## 算法分析\n下面引用老师的分析\n- - - \n- 假设n是5的倍数，且n/5是奇数，即n/5=2r+1，于是又|A|=|D|=2r，|B|=|C|=3r+2，n=10r+5。\n- 如果A，D的元素都小于m*，那么它们都加入至S1中，且下一步算法又**在这个子问题上**递归调用，这对应了归约后子问题的规模的上界，也正好是时间复杂度最坏的情况。\n- **子问题规模为**：**|A|+|C|+|D|=7r+2=7*(n−5)/10 + 2=7*(n/10)−1.5<7*n/10**\n表明子问题规模不超过原问题规模的7/10\n**W(n)<=W(n/5)+W(7n/10)+tn**\n\n	其中，W(n/5)为查找m* 的时间，总规模 n 中选出 n/5 个数来找中位数\ntn 是构造中位数集合，以及A & D和m* 进行比较的时间开销，t 是某个常数\n![在这里插入图片描述](https://img-blog.csdnimg.cn/20200406204039667.png?x-oss-process=image/watermark,type_ZmFuZ3poZW5naGVpdGk,shadow_10,text_aHR0cHM6Ly9ibG9nLmNzZG4ubmV0L20wXzQ2NDE5Mjk0,size_16,color_FFFFFF,t_70#pic_center)\n**W(n)<=tn+0.9tn+(0.9^2)tn+…=tn(1+0.9+0.92+…)=O(n)** \n\n所以最后推导出算法时间复杂度为**O(n)**\n\n', 0, '2022-02-28 19:10:56', '2022-02-28 19:10:55');
INSERT INTO `forum_search` VALUES (16, 'POSTS', 10, 'Spring 面经', 'Spring\n● 轻量级 Java 开发框架，旨在提高开发人员的开发效率以及系统的可维护性 \n  ○ 可以很方便地对数据库进行访问、可以很方便地集成第三方组件、对单元测试支持比较好、支持 RESTful Java 应用程序的开发。\n  ○ 约定大于配置，应用只需要很少的配置就可以进行开发 yaml文件\nIoC（Inverse of Control:控制反转）\n●  一种设计思想，IoC 的思想就是将原本在程序中手动创建对象的控制权，交由 Spring 框架来管理。 \n●  控制 ：指的是对象创建（实例化、管理）的权力 \n●  反转 ：控制权交给外部环境（Spring 框架、IoC 容器） \n\n将对象之间的相互依赖关系交给 IoC 容器来管理，并由 IoC 容器完成对象的注入。这样可以很大程度上简化应用的开发，把应用从复杂的依赖关系中解放出来。 IoC 容器就像是一个工厂一样，当我们需要创建一个对象的时候，只需要配置好配置文件/注解即可，完全不用考虑对象是如何被创建出来的。\n\n在实际项目中一个  类可能依赖了很多其他的类，假如我们需要实例化这个 类，需要理清他的所有底层相关类和构造函数。如果利用 IoC 的话，你只需要配置好，然后在需要的地方引用就行了。\n\nAOP(Aspect-Oriented Programming)\n● 能够将那些与业务无关，却为业务模块所共同调用事件封装起来，便于减少系统的重复代码\n性能统计，代码前后判断处理的耗时\n\nSpring解决循环依赖\nSpring能够解决属性的环依赖\nSpring主要的思路就是依据三级缓存，在实例化A时调用doGetBean，发现A依赖的B的实例，此时调用doGetBean去实例B，实例化的B的时候发现又依赖A，如果不解决这个循环依赖的话此时的doGetBean将会无限循环下去，导致内存溢出，程序奔溃。\nspring引用了一个早期对象，并且把这个\"早期引用\"并将其注入到容器中，让B先完成实例化，此时A就获取B的引用，完成实例化。\n\n常用注解\n@Component 组件，没有明确的角色\n@Service 在业务逻辑层使用（service层）\n@Repository 在数据访问层使用（dao层）\n@Controller 在展现层使用，控制器的声明（C）\n@Autowired：由Spring提供\n@Resource：由JSR-250提供\n@Configuration 声明当前类为配置类，相当于xml形式的Spring配置（类上）\n@ComponentScan 用于对Component进行扫描，相当于xml中的（类上）\n什么是 Spring Boot？\nSpring Boot 是 Spring 开源组织下的子项目，是 Spring 组件一站式解决方案，主要是简化了使用 Spring 的难度，简省了繁重的配置，提供了各种启动器，开发者能快速上手。\n通过自动配置方式简化Spring应用的开发，弱化配置，遵循约定大于配置的原则，使开发者专注于业务开发而无需过多考虑配置相关操作，通过启动类的main方法一键启动应用。\n● 独立运行\n  ○ 内嵌了servlet，tomat等，不需要打成war包部署到容器中，只需要将SpringBoot项目打成jar包就能独立运行。\n● 简化配置\n  ○ 遵循约定大于配置的原则\nSpring Boot 的核心注解是哪个？它主要由哪几个注解组成的？\n启动类上面的注解是@SpringBootApplication，它也是 Spring Boot 的核心注解，主要组合包含了以下 3 个注解：\n@SpringBootConfiguration：实现配置文件的功能。\n@EnableAutoConfiguration：打开自动配置的功能\n@ComponentScan：Spring组件扫描。\n开启 Spring Boot 特性有哪几种方式？\n1）继承spring-boot-starter-parent项目\n2）导入spring-boot-dependencies项目依赖\nMVC\nMVC 是模型(Model)、视图(View)、控制器(Controller)的简写，其核心思想是通过将业务逻辑、数据、显示分离来组织代码。\nSpring MVC 可以帮助我们进行更简洁的 Web 层的开发，并且它天生与 Spring 框架集成。Spring MVC 下我们一般把后端项目分为 Service 层（处理业务）、Dao 层（数据库操作）、Entity 层（实体类）、Controller 层(控制层，返回数据给前台页面)。', 0, '2022-03-21 13:50:44', '2022-03-21 13:50:44');
INSERT INTO `forum_search` VALUES (17, 'POSTS', 11, 'Spring Boot 面经', '## Spring\n\n- 轻量级 Java 开发框架，旨在**提高**开发人员的**开发效率**以及**系统的可维护性** \n\n- - 可以很方便地对**数据库**进行访问、可以很方便地集成**第三方组件**、对**单元测试**支持比较好、支持 RESTful Java 应用程序的开发。\n  - 约定大于配置，应用只需要很少的配置就可以进行开发 yaml文件\n\n### IoC（Inverse of Control:控制反转）\n\n-  一种设计思想，IoC 的思想就是将原本在程序中手动创建对象的控制权，交由 Spring 框架来管理。 \n-  **控制** ：指的是对象创建（实例化、管理）的权力 \n\n-  **反转** ：控制权交给外部环境（Spring 框架、IoC 容器） \n\n\n\n将对象之间的相互依赖关系交给 IoC 容器来管理，并由 IoC 容器完成对象的注入。这样可以很大程度上简化应用的开发，把应用从复杂的依赖关系中解放出来。 IoC 容器就像是一个工厂一样，当我们需要创建一个对象的时候，只需要配置好配置文件/注解即可，完全不用考虑对象是如何被创建出来的。\n\n\n\n在实际项目中一个  类可能依赖了很多其他的类，假如我们需要实例化这个 类，需要理清他的所有底层相关类和构造函数。如果利用 IoC 的话，你只需要配置好，然后在需要的地方引用就行了。\n\n\n\n### AOP(Aspect-Oriented Programming)\n\n- 能够将那些与业务无关，却为业务模块所共同调用事件封装起来，便于减少系统的重复代码\n\n性能统计，代码前后判断处理的耗时\n\n\n\n### Spring解决循环依赖\n\nSpring能够解决属性的环依赖\n\nSpring主要的思路就是依据三级缓存，在实例化A时调用doGetBean，发现A依赖的B的实例，此时调用doGetBean去实例B，实例化的B的时候发现又依赖A，如果不解决这个循环依赖的话此时的doGetBean将会无限循环下去，导致内存溢出，程序奔溃。\n\n**spring****引用了一个早期对象****，并且把这个\"****早期引用****\"并将其注入到容器中，让B先完成实例化，此时A就获取B的引用，完成实例化。**\n\n\n\n### 常用注解\n\n**@Component** 组件，没有明确的角色\n\n**@Service** 在业务逻辑层使用（service层）\n\n**@Repository** 在数据访问层使用（dao层）\n\n**@Controller** 在展现层使用，控制器的声明（C）\n\n@Autowired：由Spring提供\n\n@Resource：由JSR-250提供\n\n@Configuration 声明当前类为配置类，相当于xml形式的Spring配置（类上）\n\n@ComponentScan 用于对Component进行扫描，相当于xml中的（类上）\n\n## **什么是 Spring Boot？**\n\nSpring Boot 是 Spring 开源组织下的子项目，是 Spring 组件一站式解决方案，主要是简化了使用 Spring 的难度，简省了繁重的配置，提供了各种启动器，开发者能快速上手。\n\n通过自动配置方式简化Spring应用的开发，弱化配置，遵循约定大于配置的原则，使开发者专注于业务开发而无需过多考虑配置相关操作，通过启动类的main方法一键启动应用。\n\n- 独立运行\n\n- - 内嵌了servlet，tomat等，不需要打成war包部署到容器中，只需要将SpringBoot项目打成jar包就能独立运行。\n\n- 简化配置\n\n- - 遵循约定大于配置的原则\n\n### Spring Boot 的核心注解是哪个？它主要由哪几个注解组成的？\n\n启动类上面的注解是@SpringBootApplication，它也是 Spring Boot 的核心注解，主要组合包含了以下 3 个注解：\n\n@SpringBootConfiguration：实现配置文件的功能。\n\n@EnableAutoConfiguration：打开自动配置的功能\n\n@ComponentScan：Spring组件扫描。\n\n### 开启 Spring Boot 特性有哪几种方式？\n\n1）继承spring-boot-starter-parent项目\n\n2）导入spring-boot-dependencies项目依赖\n\n### MVC\n\nMVC 是模型(Model)、视图(View)、控制器(Controller)的简写，其核心思想是通过将业务**逻辑**、**数据**、**显示**分离来组织代码。\n\nSpring MVC 可以帮助我们进行更简洁的 Web 层的开发，并且它天生与 Spring 框架集成。Spring MVC 下我们一般把后端项目分为 Service 层（处理业务）、Dao 层（数据库操作）、Entity 层（实体类）、Controller 层(控制层，返回数据给前台页面)。', 0, '2022-03-21 13:52:28', '2022-03-21 13:52:27');
INSERT INTO `forum_search` VALUES (18, 'POSTS', 12, 'Linux基本操作', '## Linux基本操作\n\n::: hljs-center\n\n标题居中\n\n:::\n::: hljs-center\n\n[百度](www.baidu.com)\n\n:::\n\n\n-  *查找文件* find / -name file.txt \n-  查看运行进程 ps -ef | grep \n==标记==\n-  kill - 9 \n\n  ls -al \n\n-  ++切换用户++ su -username \n-  chmod 777 file \n\n-  tar - zxvf \n-  head -n 10 \n\n-  tail -n 10 \n-  tail -f\n\n- 查看目录磁盘使用情况 df -h\n  grep 查找\n  sed 编辑匹配到的文本\n  awk 格式化文本，复杂处理 \n- grep \"\" file\n\n- ps -ef|grep java tomcat 线程id\n- wc -l filename 查看文件行数\n\n- less 查看大文件\n\n### Vim\n\n:/查找\n\n:n 跳行\n\nLinux 批量修改文件字段\n\n:s/vivian/sky/ 替换当前行第一个 vivian 为 sky\n:s/vivian/sky/g 替换当前行所有 vivian 为 sky', 0, '2022-03-21 13:56:30', '2022-03-21 13:56:29');
INSERT INTO `forum_search` VALUES (21, 'POSTS', 13, 'next', '\n- 如何防止表单重复提交？\n- 项目中登陆操作怎么实现，登录状态怎么保持\n\n- 线程的基本状态，多线程可能会带来的问题\n- redis的高可用\n\n- SQL优化\n\n1. Bean的生命周期\n2. Redis如何实现高并发处理\n\n1. 假如有100条线程去操作Arraylist你认为应该怎么让它线程安全？具体在哪里做改动？\n\n![next](http://www.kmwzjs.com/useruploads/images/20101020_0576001008251579037.jpg)\nnext station', 0, '2022-03-21 14:01:58', '2022-03-21 14:01:58');
INSERT INTO `forum_search` VALUES (25, 'POSTS', 15, '今日头条', '++~~==123qwe==~~++	', 0, '2022-03-21 15:53:40', '2022-03-21 15:53:39');
INSERT INTO `forum_search` VALUES (27, 'POSTS', 3, '11', '# 一 一级标题\n\n## 1.1 二级标题\n\n- xxxx;\n- xxxx;\n\n## 1.2 二级标题\n\n1. xxxx;\n2. xxxx;![pic4.jpg](1)', 0, '2022-03-21 16:17:16', '2022-03-21 16:17:16');
INSERT INTO `forum_search` VALUES (28, 'POSTS', 14, '测试123', '# 一 一级标题\n\n## 1.1 二级标题\n\n- xxxx;\n- xxxx;\n\n## 1.2 二级标题\n\n1. xxxx;\n2. xxxx;', 0, '2022-03-21 16:17:44', '2022-03-21 16:17:43');
INSERT INTO `forum_search` VALUES (29, 'POSTS', 16, '测试文章', '# 一 一级标题\n\n## 1.1 二级标题\n\n- xxxx;\n- xxxx;\n\n## 1.2 二级标题\n\n1. xxxx;\n2. xxxx;', 0, '2022-03-27 15:54:54', '2022-03-27 15:54:54');
INSERT INTO `forum_search` VALUES (45, 'POSTS', 9, 'hashcode原理', '== 和 equals 的区别\n\n- ==对于基本数据类型，==比较的是值；对于引用数据类型，==比较的是内存地址。\n- eauals对于没有重写equals方法的类，equals方法和==作用类似；对于重写过equals方法的类，equals比较的是值。\n\n## hashCode 与 equals（为什么重写equals方法后，hashCode方法也必须重写） ＊＊＊\n\n1. equals会依次比较**内存地址、对象类型、以及值**，内存地址相同，equals一定返回true；对象类型和值相同，equals方法一定返回true。\n2. 如果没有重写equals方法，那么equals和==的作用相同，比较的是对象的地址值。\n\n- hashCode方法返回对象的散列码，返回值是int类型的散列码。散列码的作用是确定该对象在哈希表中的索引位置。关于hashCode有一些约定：\n\n1. 1. 两个对象相等，则hashCode一定相同。\n   2. 两个对象有相同的hashCode值，它们不一定相等。\n\n1. 1. hashCode()方法默认是对堆上的对象产生独特值，如果没有重写hashCode()方法，则该类的两个对象的hashCode值肯定不同\n\n1. **为了让相同的对象hashcode相同，如果重写，不同对象hashcode一定不同，这样每次put就能成功**\n2. hashCode在具有哈希机制的集合中起着非常关键的作用，比如HashMap、HashSet等。以HashSet为例，HashSet的特点是存储元素时无序且唯一，在向HashSet中添加对象时，首先会计算对象的HashCode值来确定对象的存储位置，如果该位置没有其他对象，直接将该对象添加到该位置；如果该存储位置有存储其他对象（新添加的对象和该存储位置的对象的HashCode值相同），调用equals方法判断两个对象是否相同，如果相同，则添加对象失败，如果不相同，则会将该对象重新散列到其他位置。所以重写equals方法后，hashCode方法不重写的话，会导致所有对象的HashCode值都不相同，都能添加成功，那么HashSet中会出现很多重复元素，HashMap也是同理（因为HashSet的底层就是通过HashMap实现的），会出现大量相同的Key（HashMap中的key是唯一的，但不同的key可以对应相同的value）。所以重写equals方法后，hashCode方法也必须重写。同时因为两个对象的hashCode值不同，则它们一定不相等，所以先计算对象的hashCode值可以在一定程度上判断两个对象是否相等，提高了集合的效率。总结一下，一共两点：**第一，在****HashSet****等集合中，不重写****hashCode****方法会导致其功能出现问题；第二，可以提高集合效率。**\n::: hljs-center\n\n3. ![图片名称不知道叫什么好](https://img-blog.csdnimg.cn/0f8048d887e64418aafe042519247b6f.png?x-oss-process=image/watermark,type_d3F5LXplbmhlaQ,shadow_50,text_Q1NETiBA5oeS54uX572i5LqG,size_17,color_FFFFFF,t_70,g_se,x_16)\n\n:::\n\n', 0, '2022-04-06 10:25:07', '2022-04-06 10:25:06');
INSERT INTO `forum_search` VALUES (46, 'POSTS', 22, '如何实现同步锁', '# 关于如何实现同步锁\n\n', 0, '2022-04-06 10:38:43', '2022-04-06 10:38:42');
INSERT INTO `forum_search` VALUES (47, 'POSTS', 4, '怎么解决图片bug', '如题', 0, '2022-04-06 10:40:27', '2022-04-06 10:40:27');

-- ----------------------------
-- Table structure for forum_tag
-- ----------------------------
DROP TABLE IF EXISTS `forum_tag`;
CREATE TABLE `forum_tag`  (
  `id` bigint(11) NOT NULL AUTO_INCREMENT COMMENT '主键',
  `audit_state` varchar(64) CHARACTER SET utf8mb4 COLLATE utf8mb4_unicode_ci NOT NULL COMMENT '审核状态',
  `group_name` varchar(255) CHARACTER SET utf8mb4 COLLATE utf8mb4_general_ci NOT NULL COMMENT '所属分组',
  `name` varchar(64) CHARACTER SET utf8mb4 COLLATE utf8mb4_unicode_ci NOT NULL COMMENT '名称',
  `description` varchar(1024) CHARACTER SET utf8mb4 COLLATE utf8mb4_unicode_ci NOT NULL COMMENT '描述',
  `ref_count` bigint(11) NOT NULL DEFAULT 0 COMMENT '引用统计',
  `creator_id` bigint(11) NOT NULL COMMENT '创建人',
  `is_delete` tinyint(2) UNSIGNED NOT NULL DEFAULT 0 COMMENT '删除标识（0:未删除、1:已删除）',
  `create_at` datetime NOT NULL COMMENT '记录创建时间',
  `update_at` timestamp NOT NULL DEFAULT CURRENT_TIMESTAMP ON UPDATE CURRENT_TIMESTAMP COMMENT '记录修改时间',
  PRIMARY KEY (`id`) USING BTREE,
  UNIQUE INDEX `uniq_name_state`(`name`, `audit_state`) USING BTREE
) ENGINE = InnoDB AUTO_INCREMENT = 382 CHARACTER SET = utf8mb4 COLLATE = utf8mb4_unicode_ci COMMENT = '标签表' ROW_FORMAT = DYNAMIC;

-- ----------------------------
-- Records of forum_tag
-- ----------------------------
INSERT INTO `forum_tag` VALUES (188, 'PASS', '开发语言', 'java', ' java 标签描述', 15, 25, 0, '2022-02-28 18:53:41', '2022-03-02 11:04:41');
INSERT INTO `forum_tag` VALUES (189, 'PASS', '开发语言', 'c', ' c 标签描述', 0, 25, 0, '2022-02-28 18:53:41', '2022-03-02 11:04:41');
INSERT INTO `forum_tag` VALUES (190, 'PASS', '开发语言', 'c++', ' c++ 标签描述', 0, 25, 0, '2022-02-28 18:53:41', '2022-03-02 11:04:41');
INSERT INTO `forum_tag` VALUES (191, 'PASS', '开发语言', 'php', ' php 标签描述', 0, 25, 0, '2022-02-28 18:53:41', '2022-03-02 11:04:41');
INSERT INTO `forum_tag` VALUES (193, 'PASS', '开发语言', 'python', ' python 标签描述', 0, 25, 0, '2022-02-28 18:53:41', '2022-03-02 11:04:41');
INSERT INTO `forum_tag` VALUES (194, 'PASS', '开发语言', 'javascript', ' javascript 标签描述', 18, 25, 0, '2022-02-28 18:53:41', '2022-03-02 11:04:41');
INSERT INTO `forum_tag` VALUES (195, 'PASS', '开发语言', 'c#', ' c# 标签描述', 0, 25, 0, '2022-02-28 18:53:41', '2022-03-02 11:04:41');
INSERT INTO `forum_tag` VALUES (207, 'PASS', '前端开发', 'html', ' html 标签描述', 3, 25, 0, '2022-02-28 18:53:41', '2022-03-02 11:04:41');
INSERT INTO `forum_tag` VALUES (209, 'PASS', '前端开发', 'css', ' css 标签描述', 2, 25, 0, '2022-02-28 18:53:41', '2022-03-02 11:04:41');
INSERT INTO `forum_tag` VALUES (211, 'PASS', '前端开发', 'jquery', ' jquery 标签描述', 0, 25, 0, '2022-02-28 18:53:41', '2022-03-02 11:04:41');
INSERT INTO `forum_tag` VALUES (212, 'PASS', '前端开发', 'json', ' json 标签描述', 1, 25, 0, '2022-02-28 18:53:41', '2022-03-02 11:04:41');
INSERT INTO `forum_tag` VALUES (213, 'PASS', '前端开发', 'ajax', ' ajax 标签描述', 1, 25, 0, '2022-02-28 18:53:41', '2022-03-02 11:04:41');
INSERT INTO `forum_tag` VALUES (215, 'PASS', '前端开发', 'bootstrap', ' bootstrap 标签描述', 0, 25, 0, '2022-02-28 18:53:41', '2022-03-02 11:04:41');
INSERT INTO `forum_tag` VALUES (223, 'PASS', '小程序开发', '小程序', ' 小程序 标签描述', 0, 25, 0, '2022-02-28 18:53:41', '2022-03-02 11:04:41');
INSERT INTO `forum_tag` VALUES (224, 'PASS', '小程序开发', '微信小程序', ' 微信小程序 标签描述', 0, 25, 0, '2022-02-28 18:53:41', '2022-03-02 11:04:41');
INSERT INTO `forum_tag` VALUES (227, 'PASS', '小程序开发', '微信开发者工具', ' 微信开发者工具 标签描述', 0, 25, 0, '2022-02-28 18:53:41', '2022-03-02 11:04:41');
INSERT INTO `forum_tag` VALUES (233, 'PASS', '小程序开发', 'uni-app', ' uni-app 标签描述', 0, 25, 0, '2022-02-28 18:53:41', '2022-03-02 11:04:41');
INSERT INTO `forum_tag` VALUES (241, 'PASS', '人工智能', '人工智能', ' 人工智能 标签描述', 0, 25, 0, '2022-02-28 18:53:41', '2022-03-02 11:04:41');
INSERT INTO `forum_tag` VALUES (244, 'PASS', '人工智能', '神经网络', ' 神经网络 标签描述', 0, 25, 0, '2022-02-28 18:53:41', '2022-03-02 11:04:41');
INSERT INTO `forum_tag` VALUES (245, 'PASS', '人工智能', '数据挖掘', ' 数据挖掘 标签描述', 0, 25, 0, '2022-02-28 18:53:41', '2022-03-02 11:04:41');
INSERT INTO `forum_tag` VALUES (246, 'PASS', '人工智能', '机器学习', ' 机器学习 标签描述', 0, 25, 0, '2022-02-28 18:53:41', '2022-03-02 11:04:41');
INSERT INTO `forum_tag` VALUES (247, 'PASS', '人工智能', '深度学习', ' 深度学习 标签描述', 0, 25, 0, '2022-02-28 18:53:41', '2022-03-02 11:04:41');
INSERT INTO `forum_tag` VALUES (248, 'PASS', '人工智能', 'tensorflow', ' tensorflow 标签描述', 0, 25, 0, '2022-02-28 18:53:41', '2022-03-02 11:04:41');
INSERT INTO `forum_tag` VALUES (260, 'PASS', 'Android 开发', 'android', ' android 标签描述', 1, 25, 0, '2022-02-28 18:53:41', '2022-03-02 11:04:41');
INSERT INTO `forum_tag` VALUES (261, 'PASS', 'Android 开发', 'eclipse', ' eclipse 标签描述', 0, 25, 0, '2022-02-28 18:53:41', '2022-04-04 22:36:43');
INSERT INTO `forum_tag` VALUES (262, 'PASS', 'Android 开发', 'xml', ' xml 标签描述', 0, 25, 0, '2022-02-28 18:53:41', '2022-03-02 11:04:41');
INSERT INTO `forum_tag` VALUES (263, 'PASS', 'Android 开发', 'webview', ' webview 标签描述', 0, 25, 0, '2022-02-28 18:53:41', '2022-03-02 11:04:41');
INSERT INTO `forum_tag` VALUES (264, 'PASS', 'Android 开发', 'android-studio', ' android-studio 标签描述', 0, 25, 0, '2022-02-28 18:53:41', '2022-03-02 11:04:41');
INSERT INTO `forum_tag` VALUES (265, 'PASS', '数据库', 'mysql', ' mysql 标签描述', 3, 25, 0, '2022-02-28 18:53:41', '2022-04-06 10:38:42');
INSERT INTO `forum_tag` VALUES (273, 'PASS', '数据库', '数据库', ' 数据库 标签描述', 0, 25, 0, '2022-02-28 18:53:41', '2022-03-02 11:04:41');
INSERT INTO `forum_tag` VALUES (275, 'PASS', '数据库', 'sql', ' sql 标签描述', 0, 25, 0, '2022-02-28 18:53:41', '2022-03-02 11:04:41');
INSERT INTO `forum_tag` VALUES (276, 'PASS', '数据库', 'nosql', ' nosql 标签描述', 0, 25, 0, '2022-02-28 18:53:41', '2022-03-02 11:04:41');
INSERT INTO `forum_tag` VALUES (277, 'PASS', '数据库', 'redis', ' redis 标签描述', 2, 25, 0, '2022-02-28 18:53:41', '2022-03-02 11:04:41');
INSERT INTO `forum_tag` VALUES (285, 'PASS', 'Python 开发', 'List', ' List 标签描述', 0, 25, 0, '2022-02-28 18:53:41', '2022-03-02 11:04:41');
INSERT INTO `forum_tag` VALUES (286, 'PASS', 'Python 开发', 'django', ' django 标签描述', 0, 25, 0, '2022-02-28 18:53:41', '2022-03-02 11:04:41');
INSERT INTO `forum_tag` VALUES (288, 'PASS', 'Python 开发', 'tornado', ' tornado 标签描述', 0, 25, 0, '2022-02-28 18:53:41', '2022-03-02 11:04:41');
INSERT INTO `forum_tag` VALUES (289, 'PASS', 'Python 开发', 'web.py', ' web.py 标签描述', 0, 25, 0, '2022-02-28 18:53:41', '2022-04-05 10:24:18');
INSERT INTO `forum_tag` VALUES (297, 'PASS', '开发工具', 'vim', ' vim 标签描述', 0, 25, 0, '2022-02-28 18:53:41', '2022-03-02 11:04:41');
INSERT INTO `forum_tag` VALUES (302, 'PASS', '开发工具', 'sublime-text', ' sublime-text 标签描述', 0, 25, 0, '2022-02-28 18:53:41', '2022-03-02 11:04:41');
INSERT INTO `forum_tag` VALUES (303, 'PASS', '开发工具', 'git', ' git 标签描述', 0, 25, 0, '2022-02-28 18:53:41', '2022-04-04 22:36:37');
INSERT INTO `forum_tag` VALUES (304, 'PASS', '开发工具', 'github', ' github 标签描述', 0, 25, 0, '2022-02-28 18:53:41', '2022-03-02 11:04:41');
INSERT INTO `forum_tag` VALUES (307, 'PASS', '开发工具', 'docker', ' docker 标签描述', 1, 25, 0, '2022-02-28 18:53:41', '2022-03-02 11:04:41');
INSERT INTO `forum_tag` VALUES (340, 'PASS', 'Java 开发', 'spring', ' spring 标签描述', 4, 25, 0, '2022-02-28 18:53:41', '2022-03-21 13:52:27');
INSERT INTO `forum_tag` VALUES (343, 'PASS', 'Java 开发', 'tomcat', ' tomcat 标签描述', 8, 25, 0, '2022-02-28 18:53:41', '2022-03-21 13:56:29');
INSERT INTO `forum_tag` VALUES (344, 'PASS', 'Java 开发', 'maven', ' maven 标签描述', 0, 25, 0, '2022-02-28 18:53:41', '2022-03-02 11:04:41');
INSERT INTO `forum_tag` VALUES (369, 'PASS', '其他', '读书', '读书分享、读书心得、读书笔记', 4, 25, 0, '2022-02-28 18:53:41', '2022-03-02 11:04:41');
INSERT INTO `forum_tag` VALUES (371, 'PASS', 'Java 开发', 'spring boot', 'spring boot开发脚手架', 3, 25, 0, '2022-02-28 18:53:41', '2022-03-21 13:52:27');
INSERT INTO `forum_tag` VALUES (374, 'PASS', 'Java 开发', 'spring cloud', 'spring cloud微服务开发框架', 0, 25, 0, '2022-02-28 18:53:41', '2022-04-06 11:23:54');
INSERT INTO `forum_tag` VALUES (375, 'PASS', 'Java 开发', 'jvm', 'java虚拟机', 0, 25, 0, '2022-02-28 18:53:41', '2022-04-04 22:37:30');
INSERT INTO `forum_tag` VALUES (376, 'PASS', '其他', '其他', '其他', 7, 25, 0, '2022-02-28 18:53:41', '2022-03-27 15:54:54');
INSERT INTO `forum_tag` VALUES (378, 'PASS', 'Java 开发', 'rabbitmq', 'rabbitmq消息队列', 3, 25, 0, '2022-02-28 18:53:41', '2022-03-02 11:04:41');
INSERT INTO `forum_tag` VALUES (380, 'PASS', '测试', '测试', '测试', 2, 2, 0, '2022-02-28 18:53:41', '2022-03-21 16:17:43');
INSERT INTO `forum_tag` VALUES (381, 'PASS', '算法', '算法', '算法', 2, 2, 0, '2022-02-28 18:53:41', '2022-03-02 11:04:41');

-- ----------------------------
-- Table structure for forum_tag_posts_mapping
-- ----------------------------
DROP TABLE IF EXISTS `forum_tag_posts_mapping`;
CREATE TABLE `forum_tag_posts_mapping`  (
  `id` bigint(11) NOT NULL AUTO_INCREMENT COMMENT '主键',
  `tag_id` bigint(11) NOT NULL COMMENT '标签ID',
  `posts_id` bigint(11) NOT NULL COMMENT '帖子ID',
  `is_delete` tinyint(2) UNSIGNED NOT NULL DEFAULT 0 COMMENT '删除标识（0:未删除、1:已删除）',
  `create_at` datetime NOT NULL COMMENT '记录创建时间',
  `update_at` timestamp NOT NULL DEFAULT CURRENT_TIMESTAMP ON UPDATE CURRENT_TIMESTAMP COMMENT '记录修改时间',
  PRIMARY KEY (`id`) USING BTREE,
  UNIQUE INDEX `uniq_posts_tag`(`posts_id`, `tag_id`) USING BTREE
) ENGINE = InnoDB AUTO_INCREMENT = 60 CHARACTER SET = utf8mb4 COLLATE = utf8mb4_unicode_ci COMMENT = '标签-帖子关系表' ROW_FORMAT = DYNAMIC;

-- ----------------------------
-- Records of forum_tag_posts_mapping
-- ----------------------------
INSERT INTO `forum_tag_posts_mapping` VALUES (9, 261, 1, 0, '2022-02-23 07:58:01', '2022-02-23 15:58:01');
INSERT INTO `forum_tag_posts_mapping` VALUES (10, 257, 1, 0, '2022-02-23 07:58:01', '2022-02-23 15:58:01');
INSERT INTO `forum_tag_posts_mapping` VALUES (11, 256, 1, 0, '2022-02-23 07:58:01', '2022-02-23 15:58:01');
INSERT INTO `forum_tag_posts_mapping` VALUES (12, 260, 1, 0, '2022-02-23 07:58:01', '2022-02-23 15:58:01');
INSERT INTO `forum_tag_posts_mapping` VALUES (17, 380, 5, 0, '2022-02-24 02:44:32', '2022-02-24 10:44:31');
INSERT INTO `forum_tag_posts_mapping` VALUES (19, 266, 7, 0, '2022-02-28 12:08:48', '2022-02-28 12:08:47');
INSERT INTO `forum_tag_posts_mapping` VALUES (23, 381, 6, 0, '2022-02-28 18:56:43', '2022-02-28 18:56:43');
INSERT INTO `forum_tag_posts_mapping` VALUES (24, 381, 8, 0, '2022-02-28 19:10:56', '2022-02-28 19:10:55');
INSERT INTO `forum_tag_posts_mapping` VALUES (26, 371, 10, 0, '2022-03-21 13:50:44', '2022-03-21 13:50:44');
INSERT INTO `forum_tag_posts_mapping` VALUES (27, 340, 10, 0, '2022-03-21 13:50:44', '2022-03-21 13:50:44');
INSERT INTO `forum_tag_posts_mapping` VALUES (28, 340, 11, 0, '2022-03-21 13:52:28', '2022-03-21 13:52:27');
INSERT INTO `forum_tag_posts_mapping` VALUES (29, 371, 11, 0, '2022-03-21 13:52:28', '2022-03-21 13:52:27');
INSERT INTO `forum_tag_posts_mapping` VALUES (30, 343, 12, 0, '2022-03-21 13:56:30', '2022-03-21 13:56:29');
INSERT INTO `forum_tag_posts_mapping` VALUES (33, 257, 13, 0, '2022-03-21 14:01:58', '2022-03-21 14:01:58');
INSERT INTO `forum_tag_posts_mapping` VALUES (37, 376, 15, 0, '2022-03-21 15:53:40', '2022-03-21 15:53:39');
INSERT INTO `forum_tag_posts_mapping` VALUES (39, 265, 3, 0, '2022-03-21 16:17:16', '2022-03-21 16:17:16');
INSERT INTO `forum_tag_posts_mapping` VALUES (40, 380, 14, 0, '2022-03-21 16:17:44', '2022-03-21 16:17:43');
INSERT INTO `forum_tag_posts_mapping` VALUES (41, 376, 16, 0, '2022-03-27 15:54:54', '2022-03-27 15:54:54');
INSERT INTO `forum_tag_posts_mapping` VALUES (57, 221, 9, 0, '2022-04-06 10:25:07', '2022-04-06 10:25:06');
INSERT INTO `forum_tag_posts_mapping` VALUES (58, 265, 22, 0, '2022-04-06 10:38:43', '2022-04-06 10:38:42');
INSERT INTO `forum_tag_posts_mapping` VALUES (59, 256, 4, 0, '2022-04-06 10:40:27', '2022-04-06 10:40:27');

-- ----------------------------
-- Table structure for forum_user
-- ----------------------------
DROP TABLE IF EXISTS `forum_user`;
CREATE TABLE `forum_user`  (
  `id` bigint(11) NOT NULL AUTO_INCREMENT COMMENT '主键',
  `email` varchar(64) CHARACTER SET utf8mb4 COLLATE utf8mb4_unicode_ci NOT NULL COMMENT '邮箱',
  `nickname` varchar(64) CHARACTER SET utf8mb4 COLLATE utf8mb4_unicode_ci NOT NULL COMMENT '昵称',
  `password` varchar(128) CHARACTER SET utf8mb4 COLLATE utf8mb4_unicode_ci NOT NULL COMMENT '密码',
  `role` varchar(32) CHARACTER SET utf8mb4 COLLATE utf8mb4_unicode_ci NOT NULL COMMENT '角色',
  `state` varchar(64) CHARACTER SET utf8mb4 COLLATE utf8mb4_unicode_ci NOT NULL COMMENT '状态',
  `sex` varchar(32) CHARACTER SET utf8mb4 COLLATE utf8mb4_unicode_ci NOT NULL COMMENT '性别',
  `source` varchar(64) CHARACTER SET utf8mb4 COLLATE utf8mb4_unicode_ci NULL DEFAULT 'REGISTER' COMMENT '来源',
  `avatar` varchar(256) CHARACTER SET utf8mb4 COLLATE utf8mb4_unicode_ci NOT NULL DEFAULT '' COMMENT '头像',
  `signature` varchar(1024) CHARACTER SET utf8mb4 COLLATE utf8mb4_unicode_ci NOT NULL DEFAULT '' COMMENT '个人简介',
  `ext` blob NULL COMMENT '扩展信息',
  `last_login_time` datetime NOT NULL COMMENT '最后登录时间',
  `is_delete` tinyint(2) UNSIGNED NOT NULL DEFAULT 0 COMMENT '删除标识（0:未删除、1:已删除）',
  `create_at` datetime NOT NULL COMMENT '记录创建时间',
  `update_at` timestamp NOT NULL DEFAULT CURRENT_TIMESTAMP ON UPDATE CURRENT_TIMESTAMP COMMENT '记录修改时间',
  PRIMARY KEY (`id`) USING BTREE,
  UNIQUE INDEX `uniq_email`(`email`) USING BTREE
) ENGINE = InnoDB AUTO_INCREMENT = 8 CHARACTER SET = utf8mb4 COLLATE = utf8mb4_unicode_ci COMMENT = '用户表' ROW_FORMAT = DYNAMIC;

-- ----------------------------
-- Records of forum_user
-- ----------------------------
INSERT INTO `forum_user` VALUES (1, '1@qq.com', '技术交流社区管理员', 'bfc722a5fcee2d48e4c5a0d39fc3f991', 'SUPER_ADMIN', 'ENABLE', 'UNKNOWN', 'REGISTER', 'https://s3.bmp.ovh/imgs/2022/02/fbeec62de9597791.jpg', '我是社区超级管理员', 0x7B7D, '2022-04-06 13:27:11', 0, '2021-10-01 08:00:01', '2022-04-06 13:27:11');
INSERT INTO `forum_user` VALUES (2, '2@qq.com', '社区管理员', 'bfc722a5fcee2d48e4c5a0d39fc3f991', 'ADMIN', 'ENABLE', 'UNKNOWN', 'REGISTER', 'https://sdn.geekzu.org/avatar/d615d5793929e8c7d70eab5f00f7f5f1?d=retro', '我是社区管理员', 0x7B7D, '2022-04-01 21:05:41', 0, '2021-10-01 08:00:01', '2022-04-06 13:03:39');
INSERT INTO `forum_user` VALUES (3, '2022433741@qq.com', 'test', 'bfc722a5fcee2d48e4c5a0d39fc3f991', 'USER', 'DISABLE', 'UNKNOWN', 'REGISTER', 'https://sdn.geekzu.org/avatar/c9c1c26d8fe74b7405ad73531bd48714?d=retro', '', 0x7B7D, '2022-02-23 07:29:45', 0, '2022-02-23 07:29:45', '2022-04-01 12:29:40');
INSERT INTO `forum_user` VALUES (4, '2022433742@qq.com', 'test', 'bfc722a5fcee2d48e4c5a0d39fc3f991', 'USER', 'ENABLE', 'UNKNOWN', 'REGISTER', 'https://sdn.geekzu.org/avatar/adc6b97a25256a73205958e4a86d6798?d=retro', '', 0x7B7D, '2022-03-02 11:17:07', 0, '2022-02-23 07:39:50', '2022-04-01 12:29:04');
INSERT INTO `forum_user` VALUES (5, '2022433743@qq.com', '123123', 'bfc722a5fcee2d48e4c5a0d39fc3f991', 'USER', 'ENABLE', 'UNKNOWN', 'REGISTER', 'https://sdn.geekzu.org/avatar/593b2d357c2cf3dcf67a145f0760b2c5?d=retro', '', 0x7B7D, '2022-02-23 07:41:43', 0, '2022-02-23 07:41:43', '2022-04-01 12:29:03');
INSERT INTO `forum_user` VALUES (6, '11@qq.com', '11', 'bfc722a5fcee2d48e4c5a0d39fc3f991', 'USER', 'ENABLE', 'UNKNOWN', 'REGISTER', 'https://sdn.geekzu.org/avatar/e94656cb82a8f7228e13e1d9d56fb101?d=retro', '', 0x7B7D, '2022-02-25 09:21:29', 0, '2022-02-23 08:44:57', '2022-04-01 12:29:01');
INSERT INTO `forum_user` VALUES (7, '865725198@qq.com', '林铭', 'bfc722a5fcee2d48e4c5a0d39fc3f991', 'USER', 'ENABLE', 'UNKNOWN', 'REGISTER', 'https://sdn.geekzu.org/avatar/9803c3ae8763afc4d4d414d1933ff0a4?d=retro', '', 0x7B7D, '2022-04-04 20:00:36', 0, '2022-03-27 15:48:37', '2022-04-04 20:00:35');

-- ----------------------------
-- Table structure for forum_user_follow
-- ----------------------------
DROP TABLE IF EXISTS `forum_user_follow`;
CREATE TABLE `forum_user_follow`  (
  `id` int(11) NOT NULL AUTO_INCREMENT COMMENT '主键',
  `followed` bigint(11) NOT NULL COMMENT '被关注主体',
  `followed_type` varchar(64) CHARACTER SET utf8mb4 COLLATE utf8mb4_unicode_ci NOT NULL COMMENT '被关注主体类型',
  `follower` bigint(11) NOT NULL COMMENT '关注人',
  `is_delete` tinyint(1) UNSIGNED NOT NULL DEFAULT 0 COMMENT '删除标识（0:未删除、1:已删除）',
  `create_at` datetime NOT NULL COMMENT '记录创建时间',
  `update_at` timestamp NOT NULL DEFAULT CURRENT_TIMESTAMP ON UPDATE CURRENT_TIMESTAMP COMMENT '记录修改时间',
  PRIMARY KEY (`id`) USING BTREE,
  UNIQUE INDEX `uniq_followed_follower`(`followed`, `followed_type`, `follower`) USING BTREE,
  INDEX `idx_follower`(`follower`) USING BTREE
) ENGINE = InnoDB AUTO_INCREMENT = 20 CHARACTER SET = utf8mb4 COLLATE = utf8mb4_unicode_ci COMMENT = '用户关注表' ROW_FORMAT = DYNAMIC;

-- ----------------------------
-- Records of forum_user_follow
-- ----------------------------
INSERT INTO `forum_user_follow` VALUES (4, 3, 'POSTS', 6, 0, '2022-02-24 02:26:57', '2022-02-24 10:26:56');
INSERT INTO `forum_user_follow` VALUES (5, 2, 'USER', 6, 0, '2022-02-24 02:27:47', '2022-02-24 10:27:46');
INSERT INTO `forum_user_follow` VALUES (6, 5, 'POSTS', 6, 0, '2022-02-25 09:21:42', '2022-02-25 09:21:41');
INSERT INTO `forum_user_follow` VALUES (7, 2, 'USER', 4, 0, '2022-03-02 11:17:11', '2022-03-02 11:17:11');
INSERT INTO `forum_user_follow` VALUES (12, 5, 'POSTS', 2, 0, '2022-03-21 15:47:56', '2022-03-21 15:47:55');
INSERT INTO `forum_user_follow` VALUES (13, 4, 'USER', 2, 0, '2022-03-21 15:48:21', '2022-03-21 15:48:21');
INSERT INTO `forum_user_follow` VALUES (14, 1, 'USER', 2, 0, '2022-03-21 15:48:27', '2022-03-21 15:48:26');
INSERT INTO `forum_user_follow` VALUES (15, 9, 'POSTS', 2, 0, '2022-03-21 16:47:25', '2022-03-21 16:47:25');
INSERT INTO `forum_user_follow` VALUES (16, 2, 'USER', 7, 0, '2022-03-27 15:54:39', '2022-03-27 15:54:38');

-- ----------------------------
-- Table structure for forum_user_food
-- ----------------------------
DROP TABLE IF EXISTS `forum_user_food`;
CREATE TABLE `forum_user_food`  (
  `id` bigint(11) NOT NULL AUTO_INCREMENT COMMENT '主键',
  `user_id` bigint(11) NOT NULL COMMENT '用户ID',
  `posts_id` bigint(11) NOT NULL COMMENT '帖子ID',
  `is_delete` tinyint(2) UNSIGNED NOT NULL DEFAULT 0 COMMENT '删除标识（0:未删除、1:已删除）',
  `create_at` datetime NOT NULL COMMENT '记录创建时间',
  `update_at` timestamp NOT NULL DEFAULT CURRENT_TIMESTAMP ON UPDATE CURRENT_TIMESTAMP COMMENT '记录修改时间',
  PRIMARY KEY (`id`) USING BTREE,
  UNIQUE INDEX `uniq_uid_pid`(`user_id`, `posts_id`) USING BTREE
) ENGINE = InnoDB AUTO_INCREMENT = 85 CHARACTER SET = utf8mb4 COLLATE = utf8mb4_unicode_ci COMMENT = '用户关注表' ROW_FORMAT = DYNAMIC;

-- ----------------------------
-- Records of forum_user_food
-- ----------------------------
INSERT INTO `forum_user_food` VALUES (67, 2, 1, 0, '2022-04-03 23:15:13', '2022-04-03 23:15:13');
INSERT INTO `forum_user_food` VALUES (68, 2, 3, 0, '2022-04-03 23:15:13', '2022-04-03 23:15:13');
INSERT INTO `forum_user_food` VALUES (69, 2, 4, 0, '2022-04-03 23:15:13', '2022-04-03 23:15:13');
INSERT INTO `forum_user_food` VALUES (70, 2, 5, 0, '2022-04-03 23:15:13', '2022-04-03 23:15:13');
INSERT INTO `forum_user_food` VALUES (71, 2, 6, 0, '2022-04-03 23:15:13', '2022-04-03 23:15:13');
INSERT INTO `forum_user_food` VALUES (72, 2, 8, 0, '2022-04-03 23:15:13', '2022-04-03 23:15:13');
INSERT INTO `forum_user_food` VALUES (74, 2, 14, 0, '2022-04-03 23:15:13', '2022-04-03 23:15:13');
INSERT INTO `forum_user_food` VALUES (75, 2, 15, 0, '2022-04-03 23:15:13', '2022-04-03 23:15:13');
INSERT INTO `forum_user_food` VALUES (82, 2, 9, 0, '2022-04-04 22:25:25', '2022-04-04 22:25:25');

SET FOREIGN_KEY_CHECKS = 1;
